,Rewards,Average reward
0,-12,-12.0
1,-11,-11.5
2,-12,-11.666666666666666
3,-13,-12.0
4,-12,-12.0
5,-14,-12.333333333333334
6,-11,-12.142857142857142
7,-14,-12.375
8,-14,-12.555555555555555
9,-9,-12.2
10,-12,-12.181818181818182
11,-14,-12.333333333333334
12,-15,-12.538461538461538
13,-12,-12.5
14,-13,-12.533333333333333
15,-13,-12.5625
16,-12,-12.529411764705882
17,-14,-12.61111111111111
18,-13,-12.631578947368421
19,-14,-12.7
20,-12,-12.666666666666666
21,-14,-12.727272727272727
22,-10,-12.608695652173912
23,-15,-12.708333333333334
24,-12,-12.68
25,-12,-12.653846153846153
26,-10,-12.555555555555555
27,-14,-12.607142857142858
28,-14,-12.655172413793103
29,-13,-12.666666666666666
30,-15,-12.741935483870968
31,-11,-12.6875
32,-13,-12.696969696969697
33,-14,-12.735294117647058
34,-12,-12.714285714285714
35,-13,-12.722222222222221
36,-14,-12.756756756756756
37,-14,-12.789473684210526
38,-14,-12.820512820512821
39,-14,-12.85
40,-13,-12.853658536585366
41,-14,-12.880952380952381
42,-14,-12.906976744186046
43,-13,-12.909090909090908
44,-13,-12.911111111111111
45,-6,-12.76086956521739
46,-12,-12.74468085106383
47,-14,-12.770833333333334
48,-12,-12.755102040816327
49,-15,-12.8
50,-14,-12.823529411764707
51,-10,-12.76923076923077
52,-12,-12.754716981132075
53,-14,-12.777777777777779
54,-12,-12.763636363636364
55,-10,-12.714285714285714
56,-15,-12.75438596491228
57,-15,-12.793103448275861
58,-10,-12.745762711864407
59,-14,-12.766666666666667
60,-14,-12.78688524590164
61,-13,-12.790322580645162
62,-12,-12.777777777777779
63,-10,-12.734375
64,-14,-12.753846153846155
65,-12,-12.742424242424242
66,-13,-12.746268656716419
67,-13,-12.75
68,-14,-12.768115942028986
69,-12,-12.757142857142858
70,-12,-12.746478873239436
71,-15,-12.777777777777779
72,-14,-12.794520547945206
73,-11,-12.77027027027027
74,-14,-12.786666666666667
75,-15,-12.81578947368421
76,-13,-12.818181818181818
77,-14,-12.833333333333334
78,-14,-12.848101265822784
79,-14,-12.8625
80,-14,-12.876543209876543
81,-12,-12.865853658536585
82,-13,-12.867469879518072
83,-13,-12.869047619047619
84,-14,-12.882352941176471
85,-15,-12.906976744186046
86,-13,-12.908045977011493
87,-15,-12.931818181818182
88,-14,-12.9438202247191
89,-14,-12.955555555555556
90,-15,-12.978021978021978
91,-11,-12.956521739130435
92,-12,-12.946236559139784
93,-11,-12.925531914893616
94,-13,-12.926315789473684
95,-14,-12.9375
96,-11,-12.917525773195877
97,-11,-12.89795918367347
98,-11,-12.878787878787879
99,-14,-12.89
100,-12,-12.89
101,-14,-12.92
102,-12,-12.92
103,-4,-12.83
104,-14,-12.85
105,-14,-12.85
106,-15,-12.89
107,-12,-12.87
108,-13,-12.86
109,-13,-12.9
110,-11,-12.89
111,-14,-12.89
112,-14,-12.88
113,-14,-12.9
114,-12,-12.89
115,-10,-12.86
116,-10,-12.84
117,-14,-12.84
118,-15,-12.86
119,-15,-12.87
120,-12,-12.87
121,-14,-12.87
122,-11,-12.88
123,-9,-12.82
124,-15,-12.85
125,-13,-12.86
126,-12,-12.88
127,-12,-12.86
128,-14,-12.86
129,-14,-12.87
130,-14,-12.86
131,-13,-12.88
132,-12,-12.87
133,-13,-12.86
134,-15,-12.89
135,-15,-12.91
136,-14,-12.91
137,-13,-12.9
138,-11,-12.87
139,-14,-12.87
140,-13,-12.87
141,-14,-12.87
142,-13,-12.86
143,-13,-12.86
144,-10,-12.83
145,-13,-12.9
146,-13,-12.91
147,-12,-12.89
148,-13,-12.9
149,-12,-12.87
150,-14,-12.87
151,-12,-12.89
152,-13,-12.9
153,-13,-12.89
154,-12,-12.89
155,-12,-12.91
156,-11,-12.87
157,-12,-12.84
158,-15,-12.89
159,-14,-12.89
160,-12,-12.87
161,-12,-12.86
162,-13,-12.87
163,-10,-12.87
164,-10,-12.83
165,-13,-12.84
166,-14,-12.85
167,-14,-12.86
168,-14,-12.86
169,-14,-12.88
170,-14,-12.9
171,-14,-12.89
172,-13,-12.88
173,-12,-12.89
174,-12,-12.87
175,-13,-12.85
176,-15,-12.87
177,-15,-12.88
178,-14,-12.88
179,-15,-12.89
180,-14,-12.89
181,-14,-12.91
182,-13,-12.91
183,-12,-12.9
184,-15,-12.91
185,-14,-12.9
186,-7,-12.84
187,-13,-12.82
188,-15,-12.83
189,-14,-12.83
190,-12,-12.8
191,-13,-12.82
192,-14,-12.84
193,-13,-12.86
194,-11,-12.84
195,-11,-12.81
196,-11,-12.81
197,-14,-12.84
198,-15,-12.88
199,-11,-12.85
200,-13,-12.86
201,-12,-12.84
202,-13,-12.85
203,-15,-12.96
204,-11,-12.93
205,-13,-12.92
206,-14,-12.91
207,-14,-12.93
208,-12,-12.92
209,-14,-12.93
210,-15,-12.97
211,-11,-12.94
212,-13,-12.93
213,-13,-12.92
214,-12,-12.92
215,-15,-12.97
216,-14,-13.01
217,-14,-13.01
218,-3,-12.89
219,-12,-12.86
220,-14,-12.88
221,-13,-12.87
222,-14,-12.9
223,-10,-12.91
224,-11,-12.87
225,-1,-12.75
226,-14,-12.77
227,-13,-12.78
228,-11,-12.75
229,0,-12.61
230,-14,-12.61
231,-12,-12.6
232,-15,-12.63
233,-11,-12.61
234,-10,-12.56
235,-10,-12.51
236,-6,-12.43
237,-11,-12.41
238,-13,-12.43
239,-12,-12.41
240,0,-12.28
241,-11,-12.25
242,-15,-12.27
243,-8,-12.22
244,-14,-12.26
245,-11,-12.24
246,-6,-12.17
247,-15,-12.2
248,-5,-12.12
249,-13,-12.13
250,-14,-12.13
251,-12,-12.13
252,-11,-12.11
253,-13,-12.11
254,-13,-12.12
255,-13,-12.13
256,-11,-12.13
257,-13,-12.14
258,-13,-12.12
259,-12,-12.1
260,-14,-12.12
261,-15,-12.15
262,-13,-12.15
263,-12,-12.17
264,-15,-12.22
265,-13,-12.22
266,-13,-12.21
267,-7,-12.14
268,-8,-12.08
269,-10,-12.04
270,-15,-12.05
271,0,-11.91
272,-11,-11.89
273,-15,-11.92
274,-12,-11.92
275,-14,-11.93
276,-5,-11.83
277,-15,-11.83
278,-13,-11.82
279,-13,-11.8
280,-15,-11.81
281,-12,-11.79
282,-11,-11.77
283,-14,-11.79
284,-14,-11.78
285,-11,-11.75
286,-9,-11.77
287,-10,-11.74
288,-11,-11.7
289,-13,-11.69
290,-9,-11.66
291,-14,-11.67
292,-13,-11.66
293,-15,-11.68
294,-14,-11.71
295,-12,-11.72
296,-13,-11.74
297,-12,-11.72
298,-12,-11.69
299,-2,-11.6
300,-11,-11.58
301,-14,-11.6
302,-11,-11.58
303,-13,-11.56
304,-12,-11.57
305,-13,-11.57
306,-14,-11.57
307,-12,-11.55
308,-13,-11.56
309,-12,-11.54
310,-14,-11.53
311,-11,-11.53
312,-9,-11.49
313,-12,-11.48
314,-8,-11.44
315,-14,-11.43
316,-10,-11.39
317,-12,-11.37
318,-10,-11.44
319,-13,-11.45
320,-10,-11.41
321,-13,-11.41
322,-13,-11.4
323,-13,-11.43
324,-12,-11.44
325,-14,-11.57
326,-13,-11.56
327,-15,-11.58
328,-12,-11.59
329,-6,-11.65
330,-15,-11.66
331,0,-11.54
332,-11,-11.5
333,-15,-11.54
334,-11,-11.55
335,-14,-11.59
336,-13,-11.66
337,-12,-11.67
338,-9,-11.63
339,-13,-11.64
340,0,-11.64
341,-10,-11.63
342,-9,-11.57
343,-12,-11.61
344,-12,-11.59
345,-13,-11.61
346,-13,-11.68
347,-13,-11.66
348,-9,-11.7
349,-14,-11.71
350,-12,-11.69
351,-13,-11.7
352,-13,-11.72
353,-9,-11.68
354,-15,-11.7
355,-12,-11.69
356,-10,-11.68
357,-15,-11.7
358,-12,-11.69
359,-11,-11.68
360,0,-11.54
361,-13,-11.52
362,-9,-11.48
363,-14,-11.5
364,-12,-11.47
365,-13,-11.47
366,-11,-11.45
367,-14,-11.52
368,-14,-11.58
369,-13,-11.61
370,-8,-11.54
371,-12,-11.66
372,-11,-11.66
373,-11,-11.62
374,-14,-11.64
375,-11,-11.61
376,-13,-11.69
377,-13,-11.67
378,-12,-11.66
379,-10,-11.63
380,-12,-11.6
381,-8,-11.56
382,-12,-11.57
383,-9,-11.52
384,-15,-11.53
385,-13,-11.55
386,-11,-11.57
387,-10,-11.57
388,-13,-11.59
389,-10,-11.56
390,-14,-11.61
391,0,-11.47
392,-11,-11.45
393,-12,-11.42
394,-13,-11.41
395,-7,-11.36
396,-11,-11.34
397,-13,-11.35
398,0,-11.23
399,-4,-11.25
400,-11,-11.25
401,-11,-11.22
402,-9,-11.2
403,-10,-11.17
404,-8,-11.13
405,-13,-11.13
406,0,-10.99
407,-12,-10.99
408,-7,-10.93
409,-12,-10.93
410,-13,-10.92
411,-7,-10.88
412,-14,-10.93
413,-10,-10.91
414,-8,-10.91
415,-9,-10.86
416,-10,-10.86
417,-12,-10.86
418,-7,-10.83
419,-10,-10.8
420,0,-10.7
421,-12,-10.69
422,-9,-10.65
423,-12,-10.64
424,-10,-10.62
425,-12,-10.6
426,0,-10.47
427,-13,-10.45
428,-13,-10.46
429,-7,-10.47
430,-10,-10.42
431,-8,-10.5
432,-12,-10.51
433,-10,-10.46
434,-10,-10.45
435,-10,-10.41
436,-11,-10.39
437,-10,-10.37
438,-9,-10.37
439,-13,-10.37
440,-12,-10.49
441,-11,-10.5
442,-14,-10.55
443,-11,-10.54
444,-12,-10.54
445,-10,-10.51
446,-9,-10.47
447,0,-10.34
448,-13,-10.38
449,-6,-10.3
450,-14,-10.32
451,-15,-10.34
452,-7,-10.28
453,-10,-10.29
454,-8,-10.22
455,-7,-10.17
456,-5,-10.12
457,-6,-10.03
458,-12,-10.03
459,-7,-9.99
460,-8,-10.07
461,-8,-10.02
462,-15,-10.08
463,-12,-10.06
464,-9,-10.03
465,-11,-10.01
466,-15,-10.05
467,0,-9.91
468,0,-9.77
469,-14,-9.78
470,-10,-9.8
471,-12,-9.8
472,-9,-9.78
473,-10,-9.77
474,-14,-9.77
475,-15,-9.81
476,-12,-9.8
477,-10,-9.77
478,-12,-9.77
479,-12,-9.79
480,-15,-9.82
481,-13,-9.87
482,-11,-9.86
483,-9,-9.86
484,-14,-9.85
485,-10,-9.82
486,-10,-9.81
487,-13,-9.84
488,-11,-9.82
489,-10,-9.82
490,-12,-9.8
491,-15,-9.95
492,-9,-9.93
493,-15,-9.96
494,-7,-9.9
495,-11,-9.94
496,-9,-9.92
497,-14,-9.93
498,-13,-10.06
499,-13,-10.15
500,-14,-10.18
501,-8,-10.15
502,-15,-10.21
503,-11,-10.22
504,-12,-10.26
505,-12,-10.25
506,-9,-10.34
507,-10,-10.32
508,-12,-10.37
509,0,-10.25
510,-9,-10.21
511,-9,-10.23
512,-13,-10.22
513,-10,-10.22
514,-14,-10.28
515,-12,-10.31
516,0,-10.21
517,-14,-10.23
518,-11,-10.27
519,-13,-10.3
520,-14,-10.44
521,-10,-10.42
522,-10,-10.43
523,-11,-10.42
524,-11,-10.43
525,-6,-10.37
526,-12,-10.49
527,-13,-10.49
528,-11,-10.47
529,-13,-10.53
530,0,-10.43
531,-14,-10.49
532,-13,-10.5
533,-11,-10.51
534,-3,-10.44
535,-13,-10.47
536,-12,-10.48
537,-11,-10.49
538,-10,-10.5
539,-13,-10.5
540,-14,-10.52
541,-12,-10.53
542,-13,-10.52
543,-11,-10.52
544,-13,-10.53
545,0,-10.43
546,-13,-10.47
547,-11,-10.58
548,0,-10.45
549,-14,-10.53
550,-8,-10.47
551,0,-10.32
552,-11,-10.36
553,-10,-10.36
554,-14,-10.42
555,-14,-10.49
556,-15,-10.59
557,-13,-10.66
558,-12,-10.66
559,0,-10.59
560,-7,-10.58
561,-8,-10.58
562,-7,-10.5
563,-7,-10.45
564,-9,-10.45
565,-13,-10.47
566,-7,-10.39
567,-12,-10.51
568,-10,-10.61
569,-9,-10.56
570,-10,-10.56
571,-10,-10.54
572,-13,-10.58
573,-9,-10.57
574,-10,-10.53
575,-11,-10.49
576,-11,-10.48
577,-9,-10.47
578,-10,-10.45
579,0,-10.33
580,-15,-10.33
581,-11,-10.31
582,-11,-10.31
583,-13,-10.35
584,-12,-10.33
585,-2,-10.25
586,-13,-10.28
587,-11,-10.26
588,-11,-10.26
589,-13,-10.29
590,-11,-10.28
591,-13,-10.26
592,-9,-10.26
593,-13,-10.24
594,-15,-10.32
595,-10,-10.31
596,-10,-10.32
597,-13,-10.31
598,-12,-10.3
599,-10,-10.27
600,-14,-10.27
601,-12,-10.31
602,-11,-10.27
603,-11,-10.27
604,-13,-10.28
605,-9,-10.25
606,-12,-10.28
607,-11,-10.29
608,-11,-10.28
609,-7,-10.35
610,-14,-10.4
611,0,-10.31
612,-11,-10.29
613,-13,-10.32
614,-8,-10.26
615,-10,-10.24
616,-14,-10.38
617,-10,-10.34
618,-11,-10.34
619,-10,-10.31
620,-9,-10.26
621,-10,-10.26
622,-11,-10.27
623,-10,-10.26
624,-12,-10.27
625,0,-10.21
626,-11,-10.2
627,-10,-10.17
628,-14,-10.2
629,-11,-10.18
630,-13,-10.31
631,-11,-10.28
632,0,-10.15
633,-9,-10.13
634,-14,-10.24
635,-12,-10.23
636,-11,-10.22
637,-9,-10.2
638,-10,-10.2
639,-13,-10.2
640,-12,-10.18
641,-10,-10.16
642,-11,-10.14
643,-8,-10.11
644,-12,-10.1
645,-13,-10.23
646,-12,-10.22
647,-9,-10.2
648,-11,-10.31
649,-12,-10.29
650,-12,-10.33
651,0,-10.33
652,-9,-10.31
653,-12,-10.33
654,-8,-10.27
655,-11,-10.24
656,-8,-10.17
657,-12,-10.16
658,-7,-10.11
659,-12,-10.23
660,-13,-10.29
661,-9,-10.3
662,-11,-10.34
663,-6,-10.33
664,-10,-10.34
665,-11,-10.32
666,-9,-10.34
667,-10,-10.32
668,-11,-10.33
669,-9,-10.33
670,-9,-10.32
671,-10,-10.32
672,-11,-10.3
673,-11,-10.32
674,-11,-10.33
675,-10,-10.32
676,-10,-10.31
677,-11,-10.33
678,-13,-10.36
679,-9,-10.45
680,-12,-10.42
681,-12,-10.43
682,-14,-10.46
683,-11,-10.44
684,-11,-10.43
685,0,-10.41
686,0,-10.28
687,-9,-10.26
688,-8,-10.23
689,-12,-10.22
690,-6,-10.17
691,-11,-10.15
692,-9,-10.15
693,-12,-10.14
694,-11,-10.1
695,-11,-10.11
696,-9,-10.1
697,-7,-10.04
698,-13,-10.05
699,-13,-10.08
700,0,-9.94
701,-10,-9.92
702,-15,-9.96
703,-13,-9.98
704,-10,-9.95
705,-12,-9.98
706,-13,-9.99
707,-10,-9.98
708,-12,-9.99
709,-11,-10.03
710,-11,-10.0
711,-13,-10.13
712,-12,-10.14
713,0,-10.01
714,-5,-9.98
715,-12,-10.0
716,-15,-10.01
717,-11,-10.02
718,-11,-10.02
719,-9,-10.01
720,-12,-10.04
721,-12,-10.06
722,-14,-10.09
723,-11,-10.1
724,-7,-10.05
725,-10,-10.15
726,-12,-10.16
727,-13,-10.19
728,-9,-10.14
729,-14,-10.17
730,-14,-10.18
731,0,-10.07
732,-10,-10.17
733,-13,-10.21
734,-12,-10.19
735,-12,-10.19
736,-10,-10.18
737,-10,-10.19
738,-8,-10.17
739,-11,-10.15
740,-11,-10.14
741,-11,-10.15
742,-7,-10.11
743,-12,-10.15
744,-12,-10.15
745,-10,-10.12
746,-12,-10.12
747,-10,-10.13
748,-9,-10.11
749,-14,-10.13
750,-12,-10.13
751,-11,-10.24
752,-10,-10.25
753,-11,-10.24
754,-11,-10.27
755,-11,-10.27
756,-11,-10.3
757,-11,-10.29
758,-11,-10.33
759,-11,-10.32
760,-10,-10.29
761,-13,-10.33
762,-12,-10.34
763,-12,-10.4
764,-15,-10.45
765,-14,-10.48
766,-12,-10.51
767,-10,-10.51
768,-14,-10.54
769,-10,-10.55
770,-10,-10.56
771,-10,-10.56
772,-14,-10.59
773,-14,-10.62
774,-14,-10.65
775,-9,-10.64
776,-14,-10.68
777,-12,-10.69
778,-11,-10.67
779,-10,-10.68
780,-12,-10.68
781,-7,-10.63
782,-13,-10.62
783,-6,-10.57
784,-13,-10.59
785,-13,-10.72
786,-13,-10.85
787,-7,-10.83
788,-9,-10.84
789,-6,-10.78
790,-15,-10.87
791,-5,-10.81
792,-12,-10.84
793,-13,-10.85
794,-7,-10.81
795,-12,-10.82
796,-8,-10.81
797,-10,-10.84
798,-13,-10.84
799,-8,-10.79
800,-13,-10.92
801,-5,-10.87
802,-8,-10.8
803,-10,-10.77
804,-13,-10.8
805,-12,-10.8
806,-11,-10.78
807,-10,-10.78
808,-10,-10.76
809,-9,-10.74
810,-12,-10.75
811,-11,-10.73
812,-13,-10.74
813,-14,-10.88
814,-11,-10.94
815,-10,-10.92
816,-11,-10.88
817,-8,-10.85
818,-13,-10.87
819,-12,-10.9
820,-10,-10.88
821,-9,-10.85
822,-8,-10.79
823,-11,-10.79
824,-11,-10.83
825,-10,-10.83
826,-11,-10.82
827,-12,-10.81
828,-10,-10.82
829,-9,-10.77
830,-13,-10.76
831,-14,-10.9
832,-11,-10.91
833,-6,-10.84
834,-12,-10.84
835,-14,-10.86
836,-10,-10.86
837,-12,-10.88
838,-10,-10.9
839,-9,-10.88
840,-9,-10.86
841,-11,-10.86
842,-9,-10.88
843,-12,-10.88
844,-8,-10.84
845,-13,-10.87
846,-12,-10.87
847,-10,-10.87
848,-13,-10.91
849,-14,-10.91
850,-11,-10.9
851,-12,-10.91
852,-14,-10.95
853,-10,-10.94
854,-10,-10.93
855,-12,-10.94
856,-11,-10.94
857,0,-10.83
858,-9,-10.81
859,-12,-10.82
860,-14,-10.86
861,-11,-10.84
862,-6,-10.78
863,-11,-10.77
864,-12,-10.74
865,-9,-10.69
866,-12,-10.69
867,-12,-10.71
868,-12,-10.69
869,-12,-10.71
870,-14,-10.75
871,-11,-10.76
872,-10,-10.72
873,0,-10.58
874,-13,-10.57
875,-4,-10.52
876,-10,-10.48
877,-8,-10.44
878,-12,-10.45
879,-6,-10.41
880,-12,-10.41
881,-11,-10.45
882,-12,-10.44
883,-13,-10.51
884,-13,-10.51
885,-8,-10.46
886,-9,-10.42
887,-8,-10.43
888,-9,-10.43
889,-7,-10.44
890,-11,-10.4
891,-11,-10.46
892,-10,-10.44
893,-10,-10.41
894,-11,-10.45
895,-12,-10.45
896,-12,-10.49
897,-12,-10.51
898,-9,-10.47
899,-7,-10.46
900,-10,-10.43
901,-10,-10.48
902,-9,-10.49
903,-9,-10.48
904,-9,-10.44
905,-11,-10.43
906,-11,-10.43
907,-9,-10.42
908,-12,-10.44
909,-13,-10.48
910,-14,-10.5
911,-12,-10.51
912,-10,-10.48
913,-12,-10.46
914,-10,-10.45
915,-10,-10.45
916,-8,-10.42
917,0,-10.34
918,-8,-10.29
919,-6,-10.23
920,-9,-10.22
921,-10,-10.23
922,-8,-10.23
923,-9,-10.21
924,-13,-10.23
925,-10,-10.23
926,-9,-10.21
927,-11,-10.2
928,-13,-10.23
929,-9,-10.23
930,-9,-10.19
931,-14,-10.19
932,-5,-10.13
933,-9,-10.16
934,-13,-10.17
935,-1,-10.04
936,-11,-10.05
937,-9,-10.02
938,-13,-10.05
939,-13,-10.09
940,-8,-10.08
941,-9,-10.06
942,-8,-10.05
943,-9,-10.02
944,-9,-10.03
945,-13,-10.03
946,-11,-10.02
947,-8,-10.0
948,-13,-10.0
949,-13,-9.99
950,-11,-9.99
951,-12,-9.99
952,-10,-9.95
953,-10,-9.95
954,-8,-9.93
955,-10,-9.91
956,-13,-9.93
957,-11,-10.04
958,-9,-10.04
959,-10,-10.02
960,-13,-10.01
961,-7,-9.97
962,-11,-10.02
963,-12,-10.03
964,-12,-10.03
965,-8,-10.02
966,-12,-10.02
967,-11,-10.01
968,-10,-9.99
969,-4,-9.91
970,-11,-9.88
971,-8,-9.85
972,-13,-9.88
973,-11,-9.99
974,-11,-9.97
975,-9,-10.02
976,-12,-10.04
977,-9,-10.05
978,-11,-10.04
979,-9,-10.07
980,-9,-10.04
981,-14,-10.07
982,-7,-10.02
983,-6,-9.95
984,-13,-9.95
985,-11,-9.98
986,-9,-9.98
987,-11,-10.01
988,-12,-10.04
989,-8,-10.05
990,-6,-10.0
991,0,-9.89
992,-5,-9.84
993,-12,-9.86
994,-10,-9.85
995,-11,-9.84
996,0,-9.72
997,-11,-9.71
998,-8,-9.7
999,-11,-9.74
1000,-9,-9.73
1001,-11,-9.74
1002,-12,-9.77
1003,-7,-9.75
1004,-8,-9.74
1005,-8,-9.71
1006,-10,-9.7
1007,-15,-9.76
1008,-9,-9.73
1009,-9,-9.69
1010,-11,-9.66
1011,-12,-9.66
1012,-11,-9.67
1013,-8,-9.63
1014,-8,-9.61
1015,-10,-9.61
1016,-12,-9.65
1017,-12,-9.77
1018,-9,-9.78
1019,-11,-9.83
1020,-11,-9.85
1021,-12,-9.87
1022,-8,-9.87
1023,-10,-9.88
1024,-13,-9.88
1025,-13,-9.91
1026,-15,-9.97
1027,-7,-9.93
1028,-13,-9.93
1029,-13,-9.97
1030,-10,-9.98
1031,-11,-9.95
1032,-7,-9.97
1033,-10,-9.98
1034,0,-9.85
1035,-11,-9.95
1036,-10,-9.94
1037,-12,-9.97
1038,-10,-9.94
1039,-11,-9.92
1040,-10,-9.94
1041,-12,-9.97
1042,-11,-10.0
1043,-13,-10.04
1044,-12,-10.07
1045,-11,-10.05
1046,0,-9.94
1047,-8,-9.94
1048,-9,-9.9
1049,-12,-9.89
1050,-13,-9.91
1051,-13,-9.92
1052,-8,-9.9
1053,-7,-9.87
1054,-8,-9.87
1055,0,-9.77
1056,-11,-9.75
1057,-13,-9.77
1058,-9,-9.77
1059,0,-9.67
1060,-10,-9.64
1061,-9,-9.66
1062,-9,-9.64
1063,-11,-9.63
1064,-12,-9.63
1065,-12,-9.67
1066,-9,-9.64
1067,-9,-9.62
1068,-12,-9.64
1069,-12,-9.72
1070,-10,-9.71
1071,-14,-9.77
1072,-13,-9.77
1073,-6,-9.72
1074,-9,-9.7
1075,-12,-9.73
1076,-10,-9.71
1077,-8,-9.7
1078,-9,-9.68
1079,-12,-9.71
1080,-11,-9.73
1081,-10,-9.69
1082,-9,-9.71
1083,-9,-9.74
1084,-10,-9.71
1085,-11,-9.71
1086,-9,-9.71
1087,-13,-9.73
1088,-8,-9.69
1089,-9,-9.7
1090,-8,-9.72
1091,-13,-9.85
1092,-10,-9.9
1093,-6,-9.84
1094,-13,-9.87
1095,0,-9.76
1096,-9,-9.85
1097,-14,-9.88
1098,-8,-9.88
1099,-12,-9.89
1100,-4,-9.84
1101,-8,-9.81
1102,-12,-9.81
1103,-8,-9.82
1104,-12,-9.86
1105,-14,-9.92
1106,-10,-9.92
1107,-12,-9.89
1108,-8,-9.88
1109,-10,-9.89
1110,-11,-9.89
1111,0,-9.77
1112,-12,-9.78
1113,-10,-9.8
1114,-12,-9.84
1115,-12,-9.86
1116,-8,-9.82
1117,-5,-9.75
1118,-7,-9.73
1119,-12,-9.74
1120,-10,-9.73
1121,-10,-9.71
1122,-13,-9.76
1123,-9,-9.75
1124,-8,-9.7
1125,-7,-9.64
1126,-12,-9.61
1127,-10,-9.64
1128,-12,-9.63
1129,-12,-9.62
1130,-11,-9.63
1131,-11,-9.63
1132,-14,-9.7
1133,-10,-9.7
1134,-9,-9.79
1135,-9,-9.77
1136,-8,-9.75
1137,-8,-9.71
1138,0,-9.61
1139,-9,-9.59
1140,-8,-9.57
1141,-8,-9.53
1142,-10,-9.52
1143,-9,-9.48
1144,-8,-9.44
1145,-9,-9.42
1146,-15,-9.57
1147,-13,-9.62
1148,-10,-9.63
1149,-15,-9.66
1150,-9,-9.62
1151,-6,-9.55
1152,-10,-9.57
1153,-8,-9.58
1154,-9,-9.59
1155,-11,-9.7
1156,-11,-9.7
1157,-9,-9.66
1158,-12,-9.69
1159,-9,-9.78
1160,-10,-9.78
1161,-10,-9.79
1162,-10,-9.8
1163,-12,-9.81
1164,-7,-9.76
1165,-10,-9.74
1166,-11,-9.76
1167,-10,-9.77
1168,-10,-9.75
1169,-9,-9.72
1170,-10,-9.72
1171,-12,-9.7
1172,-5,-9.62
1173,-11,-9.67
1174,-12,-9.7
1175,-9,-9.67
1176,-10,-9.67
1177,-15,-9.74
1178,-9,-9.74
1179,-10,-9.72
1180,-10,-9.71
1181,-8,-9.69
1182,-8,-9.68
1183,0,-9.59
1184,-9,-9.58
1185,-12,-9.59
1186,-9,-9.59
1187,-12,-9.58
1188,-7,-9.57
1189,-13,-9.61
1190,-8,-9.61
1191,-9,-9.57
1192,-12,-9.59
1193,-12,-9.65
1194,-14,-9.66
1195,-13,-9.79
1196,0,-9.7
1197,-12,-9.68
1198,-11,-9.71
1199,-12,-9.71
1200,-9,-9.76
1201,-9,-9.77
1202,-7,-9.72
1203,-8,-9.72
1204,-11,-9.71
1205,-10,-9.67
1206,-14,-9.71
1207,-14,-9.73
1208,-7,-9.72
1209,-14,-9.76
1210,-10,-9.75
1211,-9,-9.84
1212,0,-9.72
1213,-9,-9.71
1214,-9,-9.68
1215,-10,-9.66
1216,-10,-9.68
1217,-11,-9.74
1218,-6,-9.73
1219,-12,-9.73
1220,-11,-9.74
1221,0,-9.64
1222,-10,-9.61
1223,-9,-9.61
1224,0,-9.53
1225,-10,-9.56
1226,-9,-9.53
1227,-8,-9.51
1228,-10,-9.49
1229,-6,-9.43
1230,-6,-9.38
1231,-11,-9.38
1232,0,-9.24
1233,-9,-9.23
1234,-7,-9.21
1235,-14,-9.26
1236,-10,-9.28
1237,-7,-9.27
1238,-11,-9.38
1239,-8,-9.37
1240,-13,-9.42
1241,-13,-9.47
1242,-11,-9.48
1243,-14,-9.53
1244,-5,-9.5
1245,-8,-9.49
1246,-12,-9.46
1247,-10,-9.43
1248,-11,-9.44
1249,-14,-9.43
1250,-14,-9.48
1251,-10,-9.52
1252,-6,-9.48
1253,-7,-9.47
1254,-10,-9.48
1255,-13,-9.5
1256,0,-9.39
1257,-11,-9.41
1258,-13,-9.42
1259,-12,-9.45
1260,-11,-9.46
1261,-8,-9.44
1262,-9,-9.43
1263,-13,-9.44
1264,-12,-9.49
1265,-9,-9.48
1266,-7,-9.44
1267,-10,-9.44
1268,-10,-9.44
1269,-9,-9.44
1270,-12,-9.46
1271,-6,-9.4
1272,-11,-9.46
1273,-12,-9.47
1274,-10,-9.45
1275,-9,-9.45
1276,0,-9.35
1277,-7,-9.27
1278,-11,-9.29
1279,-12,-9.31
1280,-8,-9.29
1281,-12,-9.33
1282,-10,-9.35
1283,-11,-9.46
1284,-10,-9.47
1285,-14,-9.49
1286,-1,-9.41
1287,-13,-9.42
1288,-9,-9.44
1289,-7,-9.38
1290,-8,-9.38
1291,-11,-9.4
1292,-10,-9.38
1293,0,-9.26
1294,-13,-9.25
1295,-9,-9.21
1296,-13,-9.34
1297,-12,-9.34
1298,-9,-9.32
1299,-12,-9.32
1300,-15,-9.38
1301,-10,-9.39
1302,-12,-9.44
1303,-14,-9.5
1304,-8,-9.47
1305,-8,-9.45
1306,-11,-9.42
1307,0,-9.28
1308,-13,-9.34
1309,-10,-9.3
1310,-13,-9.33
1311,-10,-9.34
1312,-11,-9.45
1313,-10,-9.46
1314,-9,-9.46
1315,-14,-9.5
1316,-11,-9.51
1317,-9,-9.49
1318,-12,-9.55
1319,-11,-9.54
1320,0,-9.43
1321,-7,-9.5
1322,-11,-9.51
1323,-8,-9.5
1324,-13,-9.63
1325,-10,-9.63
1326,-11,-9.65
1327,-12,-9.69
1328,-11,-9.7
1329,-8,-9.72
1330,-10,-9.76
1331,-9,-9.74
1332,-9,-9.83
1333,-10,-9.84
1334,-10,-9.87
1335,-10,-9.83
1336,-12,-9.85
1337,-10,-9.88
1338,-10,-9.87
1339,-9,-9.88
1340,-11,-9.86
1341,-9,-9.82
1342,-8,-9.79
1343,-9,-9.74
1344,-9,-9.78
1345,0,-9.7
1346,-9,-9.67
1347,-9,-9.66
1348,-13,-9.68
1349,-9,-9.63
1350,-7,-9.56
1351,-12,-9.58
1352,-4,-9.56
1353,0,-9.49
1354,0,-9.39
1355,-14,-9.4
1356,-11,-9.51
1357,-8,-9.48
1358,-10,-9.45
1359,-11,-9.44
1360,-12,-9.45
1361,-12,-9.49
1362,-12,-9.52
1363,-8,-9.47
1364,-10,-9.45
1365,-11,-9.47
1366,-10,-9.5
1367,-12,-9.52
1368,0,-9.42
1369,-12,-9.45
1370,-12,-9.45
1371,-13,-9.52
1372,-9,-9.5
1373,-11,-9.49
1374,-12,-9.51
1375,-10,-9.52
1376,-10,-9.62
1377,-11,-9.66
1378,-3,-9.58
1379,-7,-9.53
1380,-3,-9.48
1381,-9,-9.45
1382,-9,-9.44
1383,-10,-9.43
1384,-13,-9.46
1385,-9,-9.41
1386,-8,-9.48
1387,-7,-9.42
1388,-7,-9.4
1389,-13,-9.46
1390,-11,-9.49
1391,-13,-9.51
1392,-10,-9.51
1393,-9,-9.6
1394,-13,-9.6
1395,-13,-9.64
1396,-10,-9.61
1397,-13,-9.62
1398,-7,-9.6
1399,-13,-9.61
1400,-9,-9.55
1401,-12,-9.57
1402,-9,-9.54
1403,-12,-9.52
1404,-9,-9.53
1405,-10,-9.55
1406,-10,-9.54
1407,-7,-9.61
1408,-14,-9.62
1409,-8,-9.6
1410,-13,-9.6
1411,-12,-9.62
1412,-11,-9.62
1413,-10,-9.62
1414,-7,-9.6
1415,-13,-9.59
1416,-9,-9.57
1417,-5,-9.53
1418,-10,-9.51
1419,-13,-9.53
1420,-12,-9.65
1421,-8,-9.66
1422,-10,-9.65
1423,-10,-9.67
1424,-9,-9.63
1425,-10,-9.63
1426,-15,-9.67
1427,-12,-9.67
1428,-14,-9.7
1429,-13,-9.75
1430,-5,-9.7
1431,-10,-9.71
1432,-11,-9.73
1433,-12,-9.75
1434,0,-9.65
1435,-8,-9.63
1436,-10,-9.61
1437,-10,-9.61
1438,-10,-9.61
1439,-10,-9.62
1440,-12,-9.63
1441,-12,-9.66
1442,-7,-9.65
1443,-12,-9.68
1444,-13,-9.72
1445,-9,-9.81
1446,-9,-9.81
1447,-8,-9.8
1448,-15,-9.82
1449,-10,-9.83
1450,-8,-9.84
1451,-10,-9.82
1452,-7,-9.85
1453,-12,-9.97
1454,-12,-10.09
1455,-10,-10.05
1456,-12,-10.06
1457,-12,-10.1
1458,-13,-10.13
1459,-12,-10.14
1460,-8,-10.1
1461,-11,-10.09
1462,-8,-10.05
1463,-4,-10.01
1464,-8,-9.99
1465,-13,-10.01
1466,-12,-10.03
1467,0,-9.91
1468,-10,-10.01
1469,-6,-9.95
1470,-11,-9.94
1471,-15,-9.96
1472,-9,-9.96
1473,-12,-9.97
1474,-8,-9.93
1475,-8,-9.91
1476,-10,-9.91
1477,-10,-9.9
1478,-8,-9.95
1479,-8,-9.96
1480,-9,-10.02
1481,-10,-10.03
1482,-11,-10.05
1483,-9,-10.04
1484,-11,-10.02
1485,0,-9.93
1486,-8,-9.93
1487,-10,-9.96
1488,-9,-9.98
1489,-9,-9.94
1490,-9,-9.92
1491,-7,-9.86
1492,-11,-9.87
1493,-15,-9.93
1494,-11,-9.91
1495,-9,-9.87
1496,-11,-9.88
1497,-12,-9.87
1498,-11,-9.91
1499,0,-9.78
1500,-10,-9.79
1501,-6,-9.73
1502,-6,-9.7
1503,-8,-9.66
1504,-9,-9.66
1505,-7,-9.63
1506,-10,-9.63
1507,-11,-9.67
1508,-10,-9.63
1509,-11,-9.66
1510,0,-9.53
1511,-6,-9.47
1512,-12,-9.48
1513,-13,-9.51
1514,-3,-9.47
1515,-13,-9.47
1516,-10,-9.48
1517,-13,-9.56
1518,-11,-9.57
1519,-13,-9.57
1520,0,-9.45
1521,-9,-9.46
1522,-9,-9.45
1523,-10,-9.45
1524,-14,-9.5
1525,-9,-9.49
1526,-11,-9.45
1527,-7,-9.4
1528,-6,-9.32
1529,-9,-9.28
1530,-12,-9.35
1531,-11,-9.36
1532,-15,-9.4
1533,-12,-9.4
1534,-11,-9.51
1535,-12,-9.55
1536,-8,-9.53
1537,-11,-9.54
1538,-6,-9.5
1539,-6,-9.46
1540,-15,-9.49
1541,-9,-9.46
1542,-11,-9.5
1543,-12,-9.5
1544,-8,-9.45
1545,-12,-9.48
1546,-13,-9.52
1547,-13,-9.57
1548,-11,-9.53
1549,-8,-9.51
1550,-13,-9.56
1551,0,-9.46
1552,-6,-9.45
1553,-11,-9.44
1554,0,-9.32
1555,-10,-9.32
1556,-10,-9.3
1557,-10,-9.28
1558,0,-9.15
1559,-9,-9.12
1560,-9,-9.13
1561,-10,-9.12
1562,-7,-9.11
1563,-7,-9.14
1564,-7,-9.13
1565,0,-9.0
1566,-4,-8.92
1567,-9,-9.01
1568,-11,-9.02
1569,-13,-9.09
1570,0,-8.98
1571,-8,-8.91
1572,-7,-8.89
1573,-10,-8.87
1574,-11,-8.9
1575,-14,-8.96
1576,-7,-8.93
1577,-8,-8.91
1578,-6,-8.89
1579,-8,-8.89
1580,-10,-8.9
1581,0,-8.8
1582,-11,-8.8
1583,-11,-8.82
1584,-8,-8.79
1585,-6,-8.85
1586,-14,-8.91
1587,-10,-8.91
1588,-9,-8.91
1589,-8,-8.9
1590,-13,-8.94
1591,-7,-8.94
1592,-13,-8.96
1593,-10,-8.91
1594,-11,-8.91
1595,-13,-8.95
1596,-11,-8.95
1597,-11,-8.94
1598,-11,-8.94
1599,-10,-9.04
1600,-10,-9.04
1601,-12,-9.1
1602,-9,-9.13
1603,-10,-9.15
1604,0,-9.06
1605,-7,-9.06
1606,-6,-9.02
1607,-8,-8.99
1608,-9,-8.98
1609,-11,-8.98
1610,-14,-9.12
1611,0,-9.06
1612,-10,-9.04
1613,-11,-9.02
1614,-10,-9.09
1615,-10,-9.06
1616,-12,-9.08
1617,-14,-9.09
1618,-10,-9.08
1619,-9,-9.04
1620,-7,-9.11
1621,-9,-9.11
1622,-10,-9.12
1623,-12,-9.14
1624,-11,-9.11
1625,-12,-9.14
1626,-8,-9.11
1627,-12,-9.16
1628,-6,-9.16
1629,-11,-9.18
1630,-11,-9.17
1631,-10,-9.16
1632,-9,-9.1
1633,-9,-9.07
1634,-11,-9.07
1635,-11,-9.06
1636,-8,-9.06
1637,-7,-9.02
1638,-9,-9.05
1639,-4,-9.03
1640,-8,-8.96
1641,-10,-8.97
1642,-8,-8.94
1643,-7,-8.89
1644,-10,-8.91
1645,-12,-8.91
1646,-10,-8.88
1647,-3,-8.78
1648,-9,-8.76
1649,-11,-8.79
1650,-6,-8.72
1651,-11,-8.83
1652,-7,-8.84
1653,-12,-8.85
1654,-10,-8.95
1655,-9,-8.94
1656,-12,-8.96
1657,-12,-8.98
1658,-10,-9.08
1659,-9,-9.08
1660,-7,-9.06
1661,-9,-9.05
1662,-11,-9.09
1663,-10,-9.12
1664,0,-9.05
1665,-13,-9.18
1666,-9,-9.23
1667,-12,-9.26
1668,-13,-9.28
1669,-10,-9.25
1670,0,-9.25
1671,-8,-9.25
1672,-8,-9.26
1673,-15,-9.31
1674,-9,-9.29
1675,-10,-9.25
1676,-11,-9.29
1677,-6,-9.27
1678,-12,-9.33
1679,-10,-9.35
1680,0,-9.25
1681,-9,-9.34
1682,-11,-9.34
1683,-10,-9.33
1684,-7,-9.32
1685,-11,-9.37
1686,-8,-9.31
1687,-11,-9.32
1688,-7,-9.3
1689,-8,-9.3
1690,-14,-9.31
1691,-7,-9.31
1692,-9,-9.27
1693,-11,-9.28
1694,-9,-9.26
1695,-10,-9.23
1696,-10,-9.22
1697,-11,-9.22
1698,-10,-9.21
1699,-8,-9.19
1700,-14,-9.23
1701,-10,-9.21
1702,-10,-9.22
1703,-9,-9.21
1704,-10,-9.31
1705,-8,-9.32
1706,-8,-9.34
1707,-8,-9.34
1708,-10,-9.35
1709,-10,-9.34
1710,-12,-9.32
1711,-12,-9.44
1712,-9,-9.43
1713,-9,-9.41
1714,-8,-9.39
1715,-10,-9.39
1716,-8,-9.35
1717,0,-9.21
1718,-10,-9.21
1719,-11,-9.23
1720,-7,-9.23
1721,-9,-9.23
1722,-10,-9.23
1723,-9,-9.2
1724,-10,-9.19
1725,-10,-9.17
1726,-6,-9.15
1727,-12,-9.15
1728,-7,-9.16
1729,-8,-9.13
1730,-7,-9.09
1731,-7,-9.06
1732,-10,-9.07
1733,-12,-9.1
1734,-13,-9.12
1735,-6,-9.07
1736,-13,-9.12
1737,-13,-9.18
1738,-9,-9.18
1739,-13,-9.27
1740,-8,-9.27
1741,-10,-9.27
1742,-11,-9.3
1743,-8,-9.31
1744,-10,-9.31
1745,0,-9.19
1746,-11,-9.2
1747,-4,-9.21
1748,-11,-9.23
1749,-6,-9.18
1750,-11,-9.23
1751,-8,-9.2
1752,-12,-9.25
1753,-9,-9.22
1754,-8,-9.2
1755,-11,-9.22
1756,-9,-9.19
1757,-9,-9.16
1758,-13,-9.19
1759,-10,-9.2
1760,-10,-9.23
1761,-10,-9.24
1762,-12,-9.25
1763,-13,-9.28
1764,-11,-9.39
1765,0,-9.26
1766,-7,-9.24
1767,-9,-9.21
1768,-9,-9.17
1769,0,-9.07
1770,-9,-9.16
1771,-14,-9.22
1772,-10,-9.24
1773,-11,-9.2
1774,-6,-9.17
1775,0,-9.07
1776,-14,-9.1
1777,-5,-9.09
1778,-9,-9.06
1779,-10,-9.06
1780,-11,-9.17
1781,-12,-9.2
1782,-11,-9.2
1783,-11,-9.21
1784,-14,-9.28
1785,-9,-9.26
1786,-12,-9.3
1787,-11,-9.3
1788,-9,-9.32
1789,-11,-9.35
1790,-14,-9.35
1791,-6,-9.34
1792,-13,-9.38
1793,-6,-9.33
1794,-7,-9.31
1795,-11,-9.32
1796,-6,-9.28
1797,-11,-9.28
1798,-14,-9.32
1799,-12,-9.36
1800,-7,-9.29
1801,-12,-9.31
1802,-11,-9.32
1803,-6,-9.29
1804,0,-9.19
1805,-10,-9.21
1806,-7,-9.2
1807,-11,-9.23
1808,-10,-9.23
1809,-9,-9.22
1810,-9,-9.19
1811,-8,-9.15
1812,-10,-9.16
1813,-14,-9.21
1814,-12,-9.25
1815,-10,-9.25
1816,-9,-9.26
1817,-9,-9.35
1818,-9,-9.34
1819,-8,-9.31
1820,-12,-9.36
1821,-10,-9.37
1822,-10,-9.37
1823,-8,-9.36
1824,-13,-9.39
1825,-12,-9.41
1826,-9,-9.44
1827,-7,-9.39
1828,-9,-9.41
1829,-10,-9.43
1830,-7,-9.43
1831,-8,-9.44
1832,-12,-9.46
1833,-12,-9.46
1834,-11,-9.44
1835,-7,-9.45
1836,-10,-9.42
1837,-8,-9.37
1838,-12,-9.4
1839,-10,-9.37
1840,-8,-9.37
1841,-11,-9.38
1842,-12,-9.39
1843,-14,-9.45
1844,-8,-9.43
1845,-11,-9.54
1846,-13,-9.56
1847,-10,-9.62
1848,-10,-9.61
1849,-10,-9.65
1850,-13,-9.67
1851,-13,-9.72
1852,-10,-9.7
1853,0,-9.61
1854,-10,-9.63
1855,-10,-9.62
1856,-9,-9.62
1857,-12,-9.65
1858,-9,-9.61
1859,-12,-9.63
1860,-10,-9.63
1861,-12,-9.65
1862,-8,-9.61
1863,-7,-9.55
1864,-3,-9.47
1865,0,-9.47
1866,-12,-9.52
1867,-9,-9.52
1868,-14,-9.57
1869,0,-9.57
1870,-7,-9.55
1871,-12,-9.53
1872,-10,-9.53
1873,-11,-9.53
1874,-8,-9.55
1875,-6,-9.61
1876,-7,-9.54
1877,-11,-9.6
1878,-11,-9.62
1879,-12,-9.64
1880,-10,-9.63
1881,-13,-9.64
1882,-7,-9.6
1883,-13,-9.62
1884,-11,-9.59
1885,-8,-9.58
1886,-5,-9.51
1887,-7,-9.47
1888,-10,-9.48
1889,0,-9.37
1890,-7,-9.3
1891,-6,-9.3
1892,-8,-9.25
1893,-11,-9.3
1894,-9,-9.32
1895,-8,-9.29
1896,-12,-9.35
1897,-14,-9.38
1898,-6,-9.3
1899,-6,-9.24
1900,-10,-9.27
1901,-8,-9.23
1902,-12,-9.24
1903,-8,-9.26
1904,-8,-9.34
1905,-9,-9.33
1906,-12,-9.38
1907,-9,-9.36
1908,-7,-9.33
1909,0,-9.24
1910,-11,-9.26
1911,-9,-9.27
1912,0,-9.17
1913,-8,-9.11
1914,-9,-9.08
1915,-8,-9.06
1916,-9,-9.06
1917,-11,-9.08
1918,-15,-9.14
1919,-11,-9.17
1920,-12,-9.17
1921,-7,-9.14
1922,-9,-9.13
1923,-11,-9.16
1924,0,-9.03
1925,-11,-9.02
1926,-8,-9.01
1927,-13,-9.07
1928,-10,-9.08
1929,-13,-9.11
1930,-10,-9.14
1931,-9,-9.15
1932,0,-9.03
1933,-12,-9.03
1934,-11,-9.03
1935,0,-8.96
1936,-12,-8.98
1937,-5,-8.95
1938,-10,-8.93
1939,-11,-8.94
1940,-11,-8.97
1941,-3,-8.89
1942,-12,-8.89
1943,-9,-8.84
1944,-8,-8.84
1945,-11,-8.84
1946,-12,-8.83
1947,-12,-8.85
1948,-10,-8.85
1949,-11,-8.86
1950,-9,-8.82
1951,-3,-8.72
1952,-11,-8.73
1953,-8,-8.81
1954,-7,-8.78
1955,-3,-8.71
1956,-11,-8.73
1957,-10,-8.71
1958,-12,-8.74
1959,-11,-8.73
1960,-6,-8.69
1961,-12,-8.69
1962,-7,-8.68
1963,-10,-8.71
1964,-14,-8.82
1965,-9,-8.91
1966,-7,-8.86
1967,-11,-8.88
1968,-8,-8.82
1969,-9,-8.91
1970,-13,-8.97
1971,-12,-8.97
1972,-13,-9.0
1973,-9,-8.98
1974,-10,-9.0
1975,-12,-9.06
1976,-8,-9.07
1977,-12,-9.08
1978,-10,-9.07
1979,-9,-9.04
1980,0,-8.94
1981,-5,-8.86
1982,-3,-8.82
1983,-11,-8.8
1984,-11,-8.8
1985,-7,-8.79
1986,-10,-8.84
1987,0,-8.77
1988,-8,-8.75
1989,0,-8.75
1990,-9,-8.77
1991,-7,-8.78
1992,-11,-8.81
1993,-13,-8.83
1994,-12,-8.86
1995,-10,-8.88
1996,-12,-8.88
1997,-11,-8.85
1998,-6,-8.85
1999,0,-8.79
2000,-9,-8.78
2001,0,-8.7
2002,-9,-8.67
2003,-11,-8.7
2004,0,-8.62
2005,0,-8.53
2006,-9,-8.5
2007,-10,-8.51
2008,0,-8.44
2009,-11,-8.55
2010,-8,-8.52
2011,-6,-8.49
2012,-13,-8.62
2013,-10,-8.64
2014,-6,-8.61
2015,-7,-8.6
2016,-9,-8.6
2017,-7,-8.56
2018,-12,-8.53
2019,-8,-8.5
2020,-10,-8.48
2021,-12,-8.53
2022,-5,-8.49
2023,-11,-8.49
2024,-6,-8.55
2025,-7,-8.51
2026,0,-8.43
2027,-9,-8.39
2028,-8,-8.37
2029,-12,-8.36
2030,-9,-8.35
2031,-9,-8.35
2032,-11,-8.46
2033,-9,-8.43
2034,-12,-8.44
2035,0,-8.44
2036,-9,-8.41
2037,-4,-8.4
2038,-10,-8.4
2039,-11,-8.4
2040,-13,-8.42
2041,-10,-8.49
2042,-11,-8.48
2043,-10,-8.49
2044,-12,-8.53
2045,-11,-8.53
2046,-8,-8.49
2047,-12,-8.49
2048,-8,-8.47
2049,-10,-8.46
2050,-10,-8.47
2051,-12,-8.56
2052,-11,-8.56
2053,-1,-8.49
2054,0,-8.42
2055,-7,-8.46
2056,-11,-8.46
2057,-11,-8.47
2058,-11,-8.46
2059,-8,-8.43
2060,0,-8.37
2061,-10,-8.35
2062,0,-8.28
2063,-11,-8.29
2064,-6,-8.21
2065,-10,-8.22
2066,-8,-8.23
2067,-10,-8.22
2068,-8,-8.22
2069,-9,-8.22
2070,-9,-8.18
2071,-11,-8.17
2072,-11,-8.15
2073,-13,-8.19
2074,-3,-8.12
2075,-11,-8.11
2076,-11,-8.14
2077,-10,-8.12
2078,-13,-8.15
2079,-10,-8.16
2080,-8,-8.24
2081,0,-8.19
2082,-5,-8.21
2083,-11,-8.21
2084,-10,-8.2
2085,-5,-8.18
2086,-8,-8.16
2087,-12,-8.28
2088,-7,-8.27
2089,-10,-8.37
2090,-12,-8.4
2091,-7,-8.4
2092,-12,-8.41
2093,-8,-8.36
2094,-6,-8.3
2095,-9,-8.29
2096,-13,-8.3
2097,-10,-8.29
2098,-12,-8.35
2099,-10,-8.45
2100,-14,-8.5
2101,-12,-8.62
2102,0,-8.53
2103,-10,-8.52
2104,-10,-8.62
2105,-12,-8.74
2106,-8,-8.73
2107,-9,-8.72
2108,-7,-8.79
2109,-10,-8.78
2110,-9,-8.79
2111,-8,-8.81
2112,-9,-8.77
2113,-12,-8.79
2114,-9,-8.82
2115,-8,-8.83
2116,-9,-8.83
2117,-12,-8.88
2118,-7,-8.83
2119,-9,-8.84
2120,-12,-8.86
2121,-10,-8.84
2122,-11,-8.9
2123,-13,-8.92
2124,-3,-8.89
2125,-6,-8.88
2126,-8,-8.96
2127,-5,-8.92
2128,-10,-8.94
2129,-10,-8.92
2130,-6,-8.89
2131,-10,-8.9
2132,-9,-8.88
2133,-9,-8.88
2134,-10,-8.86
2135,-12,-8.98
2136,-11,-9.0
2137,-12,-9.08
2138,-5,-9.03
2139,-8,-9.0
2140,-7,-8.94
2141,-8,-8.92
2142,-7,-8.88
2143,-10,-8.88
2144,-11,-8.87
2145,-11,-8.87
2146,-10,-8.89
2147,-8,-8.85
2148,-13,-8.9
2149,-9,-8.89
2150,-10,-8.89
2151,-12,-8.89
2152,-14,-8.92
2153,-10,-9.01
2154,-8,-9.09
2155,-12,-9.14
2156,-14,-9.17
2157,-11,-9.17
2158,-5,-9.11
2159,-8,-9.11
2160,-9,-9.2
2161,-6,-9.16
2162,-11,-9.27
2163,-6,-9.22
2164,-10,-9.26
2165,-4,-9.2
2166,0,-9.12
2167,-9,-9.11
2168,-9,-9.12
2169,-10,-9.13
2170,0,-9.04
2171,-7,-9.0
2172,-4,-8.93
2173,-6,-8.86
2174,-6,-8.89
2175,-10,-8.88
2176,-8,-8.85
2177,-12,-8.87
2178,-13,-8.87
2179,-9,-8.86
2180,-10,-8.88
2181,-9,-8.97
2182,-11,-9.03
2183,-9,-9.01
2184,-8,-8.99
2185,-10,-9.04
2186,-10,-9.06
2187,-11,-9.05
2188,-10,-9.08
2189,-8,-9.06
2190,-9,-9.03
2191,-7,-9.03
2192,-10,-9.01
2193,-12,-9.05
2194,-9,-9.08
2195,-8,-9.07
2196,-9,-9.03
2197,-12,-9.05
2198,-10,-9.03
2199,-8,-9.01
2200,-11,-8.98
2201,-10,-8.96
2202,-6,-9.02
2203,-8,-9.0
2204,-7,-8.97
2205,-12,-8.97
2206,-11,-9.0
2207,-12,-9.03
2208,-10,-9.06
2209,-11,-9.07
2210,-11,-9.09
2211,-11,-9.12
2212,-8,-9.11
2213,-12,-9.11
2214,-9,-9.11
2215,-10,-9.13
2216,-11,-9.15
2217,-9,-9.12
2218,-9,-9.14
2219,-13,-9.18
2220,-11,-9.17
2221,-14,-9.21
2222,-11,-9.21
2223,-13,-9.21
2224,-11,-9.29
2225,-8,-9.31
2226,-7,-9.3
2227,-11,-9.36
2228,-7,-9.33
2229,-9,-9.32
2230,-13,-9.39
2231,-7,-9.36
2232,-9,-9.36
2233,-10,-9.37
2234,-10,-9.37
2235,-11,-9.36
2236,-13,-9.38
2237,-6,-9.32
2238,0,-9.27
2239,-10,-9.29
2240,-9,-9.31
2241,-12,-9.35
2242,-14,-9.42
2243,-11,-9.43
2244,-11,-9.43
2245,-11,-9.43
2246,-8,-9.41
2247,-10,-9.43
2248,-12,-9.42
2249,-12,-9.45
2250,-8,-9.43
2251,-10,-9.41
2252,0,-9.27
2253,-12,-9.29
2254,-12,-9.33
2255,0,-9.21
2256,-10,-9.17
2257,-5,-9.11
2258,-10,-9.16
2259,-10,-9.18
2260,-7,-9.16
2261,-11,-9.21
2262,-10,-9.2
2263,-11,-9.25
2264,-9,-9.24
2265,-11,-9.31
2266,-7,-9.38
2267,-9,-9.38
2268,-8,-9.37
2269,-9,-9.36
2270,-10,-9.46
2271,-8,-9.47
2272,-8,-9.51
2273,-9,-9.54
2274,-11,-9.59
2275,-10,-9.59
2276,-9,-9.6
2277,-11,-9.59
2278,-8,-9.54
2279,-13,-9.58
2280,-10,-9.58
2281,-13,-9.62
2282,-11,-9.62
2283,-10,-9.63
2284,-11,-9.66
2285,-7,-9.63
2286,-12,-9.65
2287,-10,-9.64
2288,-13,-9.67
2289,-7,-9.66
2290,-4,-9.61
2291,-11,-9.65
2292,-15,-9.7
2293,-9,-9.67
2294,-10,-9.68
2295,-7,-9.67
2296,-13,-9.71
2297,-7,-9.66
2298,-13,-9.69
2299,-14,-9.75
2300,-9,-9.73
2301,-9,-9.72
2302,-9,-9.75
2303,-3,-9.7
2304,-4,-9.67
2305,-11,-9.66
2306,-7,-9.62
2307,-11,-9.61
2308,-6,-9.57
2309,-10,-9.56
2310,-9,-9.54
2311,-9,-9.52
2312,-11,-9.55
2313,-10,-9.53
2314,-10,-9.54
2315,-13,-9.57
2316,-9,-9.55
2317,-9,-9.55
2318,-10,-9.56
2319,-10,-9.53
2320,-10,-9.52
2321,-6,-9.44
2322,-7,-9.4
2323,-10,-9.37
2324,-10,-9.36
2325,-9,-9.37
2326,-9,-9.39
2327,-7,-9.35
2328,-8,-9.36
2329,-8,-9.35
2330,-10,-9.32
2331,-11,-9.36
2332,-9,-9.36
2333,-7,-9.33
2334,0,-9.23
2335,-10,-9.22
2336,-9,-9.18
2337,-10,-9.22
2338,0,-9.22
2339,-9,-9.21
2340,-13,-9.25
2341,-12,-9.25
2342,-14,-9.25
2343,-9,-9.23
2344,-5,-9.17
2345,-12,-9.18
2346,0,-9.1
2347,-7,-9.07
2348,-12,-9.07
2349,-10,-9.05
2350,-7,-9.04
2351,-11,-9.05
2352,0,-9.05
2353,-12,-9.05
2354,-10,-9.03
2355,-12,-9.15
2356,-6,-9.11
2357,0,-9.06
2358,-7,-9.03
2359,-9,-9.02
2360,-11,-9.06
2361,-8,-9.03
2362,-7,-9.0
2363,-8,-8.97
2364,-11,-8.99
2365,0,-8.88
2366,-12,-8.93
2367,-9,-8.93
2368,-13,-8.98
2369,-7,-8.96
2370,-10,-8.96
2371,0,-8.88
2372,-11,-8.91
2373,-3,-8.85
2374,-12,-8.86
2375,-11,-8.87
2376,-10,-8.88
2377,-6,-8.83
2378,-12,-8.87
2379,-11,-8.85
2380,-4,-8.79
2381,-9,-8.75
2382,-9,-8.73
2383,-6,-8.69
2384,-9,-8.67
2385,-12,-8.72
2386,-9,-8.69
2387,-11,-8.7
2388,-13,-8.7
2389,-6,-8.69
2390,0,-8.65
2391,-7,-8.61
2392,-10,-8.56
2393,-6,-8.53
2394,-6,-8.49
2395,-8,-8.5
2396,-12,-8.49
2397,-11,-8.53
2398,-7,-8.47
2399,-12,-8.45
2400,-12,-8.48
2401,-10,-8.49
2402,-9,-8.49
2403,-9,-8.55
2404,-8,-8.59
2405,-11,-8.59
2406,-8,-8.6
2407,-9,-8.58
2408,-13,-8.65
2409,-10,-8.65
2410,-9,-8.65
2411,-8,-8.64
2412,-11,-8.64
2413,-9,-8.63
2414,-7,-8.6
2415,-7,-8.54
2416,-8,-8.53
2417,-14,-8.58
2418,-11,-8.59
2419,-9,-8.58
2420,-9,-8.57
2421,-9,-8.6
2422,-8,-8.61
2423,-8,-8.59
2424,-9,-8.58
2425,-12,-8.61
2426,-9,-8.61
2427,-8,-8.62
2428,-9,-8.63
2429,-10,-8.65
2430,-10,-8.65
2431,-11,-8.65
2432,-7,-8.63
2433,-6,-8.62
2434,-8,-8.7
2435,-8,-8.68
2436,-14,-8.73
2437,-9,-8.72
2438,-6,-8.78
2439,0,-8.69
2440,0,-8.56
2441,-6,-8.5
2442,-11,-8.47
2443,-10,-8.48
2444,-10,-8.53
2445,-8,-8.49
2446,-12,-8.61
2447,-8,-8.62
2448,-10,-8.6
2449,-2,-8.52
2450,-11,-8.56
2451,-11,-8.56
2452,-8,-8.64
2453,-7,-8.59
2454,-15,-8.64
2455,-12,-8.64
2456,0,-8.58
2457,-10,-8.68
2458,-10,-8.71
2459,0,-8.62
2460,-7,-8.58
2461,-10,-8.6
2462,-11,-8.64
2463,-11,-8.67
2464,-10,-8.66
2465,-10,-8.76
2466,-3,-8.67
2467,-12,-8.7
2468,-8,-8.65
2469,-7,-8.65
2470,-11,-8.66
2471,-2,-8.68
2472,-10,-8.67
2473,0,-8.64
2474,-9,-8.61
2475,-12,-8.62
2476,-10,-8.62
2477,-14,-8.7
2478,-7,-8.65
2479,-13,-8.67
2480,-3,-8.66
2481,-12,-8.69
2482,-7,-8.67
2483,-13,-8.74
2484,0,-8.65
2485,-8,-8.61
2486,0,-8.52
2487,0,-8.41
2488,-8,-8.36
2489,0,-8.3
2490,-8,-8.38
2491,-10,-8.41
2492,-12,-8.43
2493,-13,-8.5
2494,-5,-8.49
2495,-8,-8.49
2496,-6,-8.43
2497,-11,-8.43
2498,-8,-8.44
2499,-10,-8.42
2500,-12,-8.42
2501,-9,-8.41
2502,-10,-8.42
2503,-11,-8.44
2504,0,-8.36
2505,-6,-8.31
2506,-8,-8.31
2507,-11,-8.33
2508,-6,-8.26
2509,-7,-8.23
2510,-6,-8.2
2511,-11,-8.23
2512,-5,-8.17
2513,-7,-8.15
2514,-11,-8.19
2515,-8,-8.2
2516,-6,-8.18
2517,-10,-8.14
2518,-5,-8.08
2519,-11,-8.1
2520,-3,-8.04
2521,-10,-8.05
2522,-10,-8.07
2523,-11,-8.1
2524,-12,-8.13
2525,-10,-8.11
2526,-8,-8.1
2527,0,-8.02
2528,-2,-7.95
2529,-11,-7.96
2530,-10,-7.96
2531,-12,-7.97
2532,-13,-8.03
2533,-11,-8.08
2534,-9,-8.09
2535,-8,-8.09
2536,-9,-8.04
2537,-11,-8.06
2538,-8,-8.08
2539,-12,-8.2
2540,-6,-8.26
2541,-10,-8.3
2542,-5,-8.24
2543,-6,-8.2
2544,-6,-8.16
2545,-13,-8.21
2546,-13,-8.22
2547,-14,-8.28
2548,-12,-8.3
2549,-12,-8.4
2550,-13,-8.42
2551,-5,-8.36
2552,-7,-8.35
2553,-14,-8.42
2554,0,-8.27
2555,-11,-8.26
2556,-7,-8.33
2557,-10,-8.33
2558,-11,-8.34
2559,-9,-8.43
2560,-8,-8.44
2561,-9,-8.43
2562,-5,-8.37
2563,-13,-8.39
2564,-1,-8.3
2565,-7,-8.27
2566,-9,-8.33
2567,-5,-8.26
2568,0,-8.18
2569,-11,-8.22
2570,-10,-8.21
2571,-10,-8.29
2572,-8,-8.27
2573,-12,-8.39
2574,-10,-8.4
2575,-10,-8.38
2576,-11,-8.39
2577,-9,-8.34
2578,-5,-8.32
2579,-15,-8.34
2580,-10,-8.41
2581,-8,-8.37
2582,-12,-8.42
2583,-11,-8.4
2584,-3,-8.43
2585,-3,-8.38
2586,-10,-8.48
2587,-10,-8.58
2588,-12,-8.62
2589,-9,-8.71
2590,-12,-8.75
2591,-9,-8.74
2592,-7,-8.69
2593,-6,-8.62
2594,-9,-8.66
2595,-13,-8.71
2596,-6,-8.71
2597,-4,-8.64
2598,-9,-8.65
2599,-8,-8.63
2600,-8,-8.59
2601,-11,-8.61
2602,0,-8.51
2603,-7,-8.47
2604,-12,-8.59
2605,-5,-8.58
2606,-14,-8.64
2607,-9,-8.62
2608,-14,-8.7
2609,-6,-8.69
2610,-6,-8.69
2611,-13,-8.71
2612,-6,-8.72
2613,-9,-8.74
2614,-8,-8.71
2615,-12,-8.75
2616,-12,-8.81
2617,-11,-8.82
2618,-8,-8.85
2619,-11,-8.85
2620,-11,-8.93
2621,-7,-8.9
2622,-10,-8.9
2623,-9,-8.88
2624,0,-8.76
2625,-5,-8.71
2626,-10,-8.73
2627,-11,-8.84
2628,-8,-8.9
2629,-10,-8.89
2630,-8,-8.87
2631,-9,-8.84
2632,-10,-8.81
2633,-11,-8.81
2634,-3,-8.75
2635,-9,-8.76
2636,-9,-8.76
2637,-10,-8.75
2638,-8,-8.75
2639,-8,-8.71
2640,-10,-8.75
2641,-9,-8.74
2642,-13,-8.82
2643,0,-8.76
2644,-10,-8.8
2645,-9,-8.76
2646,-8,-8.71
2647,-11,-8.68
2648,-10,-8.66
2649,-10,-8.64
2650,-9,-8.6
2651,-11,-8.66
2652,-11,-8.7
2653,-7,-8.63
2654,-9,-8.72
2655,0,-8.61
2656,-11,-8.65
2657,-9,-8.64
2658,-10,-8.63
2659,-9,-8.63
2660,-12,-8.67
2661,-9,-8.67
2662,-7,-8.69
2663,-12,-8.68
2664,-9,-8.76
2665,-13,-8.82
2666,-12,-8.85
2667,-7,-8.87
2668,-9,-8.96
2669,-10,-8.95
2670,-9,-8.94
2671,-6,-8.9
2672,-11,-8.93
2673,-5,-8.86
2674,-9,-8.85
2675,0,-8.75
2676,-10,-8.74
2677,-11,-8.76
2678,-9,-8.8
2679,-7,-8.72
2680,-10,-8.72
2681,-9,-8.73
2682,-11,-8.72
2683,-11,-8.72
2684,-9,-8.78
2685,-12,-8.87
2686,-12,-8.89
2687,-10,-8.89
2688,-12,-8.89
2689,-10,-8.9
2690,-9,-8.87
2691,-8,-8.86
2692,-10,-8.89
2693,-6,-8.89
2694,-11,-8.91
2695,-11,-8.89
2696,-11,-8.94
2697,-8,-8.98
2698,-11,-9.0
2699,-5,-8.97
2700,-8,-8.97
2701,-7,-8.93
2702,-7,-9.0
2703,-5,-8.98
2704,-10,-8.96
2705,-8,-8.99
2706,-12,-8.97
2707,-9,-8.97
2708,-7,-8.9
2709,-8,-8.92
2710,-13,-8.99
2711,-11,-8.97
2712,-9,-9.0
2713,-5,-8.96
2714,-8,-8.96
2715,-11,-8.95
2716,-6,-8.89
2717,-11,-8.89
2718,-9,-8.9
2719,-9,-8.88
2720,-11,-8.88
2721,-11,-8.92
2722,-13,-8.95
2723,-11,-8.97
2724,-9,-9.06
2725,-12,-9.13
2726,-9,-9.12
2727,-9,-9.1
2728,-12,-9.14
2729,-6,-9.1
2730,-5,-9.07
2731,-10,-9.08
2732,-6,-9.04
2733,-6,-8.99
2734,-11,-9.07
2735,-15,-9.13
2736,-12,-9.16
2737,-12,-9.18
2738,-8,-9.18
2739,0,-9.1
2740,-8,-9.08
2741,0,-8.99
2742,-10,-8.96
2743,-10,-9.06
2744,-7,-9.03
2745,0,-8.94
2746,-9,-8.95
2747,-8,-8.92
2748,-9,-8.91
2749,-5,-8.86
2750,-10,-8.87
2751,-9,-8.85
2752,-9,-8.83
2753,-6,-8.82
2754,-9,-8.82
2755,-10,-8.92
2756,-9,-8.9
2757,-7,-8.88
2758,-11,-8.89
2759,0,-8.8
2760,-11,-8.79
2761,-9,-8.79
2762,-10,-8.82
2763,0,-8.7
2764,-5,-8.66
2765,-8,-8.61
2766,-9,-8.58
2767,-11,-8.62
2768,-9,-8.62
2769,-9,-8.61
2770,-12,-8.64
2771,-12,-8.7
2772,-7,-8.66
2773,-7,-8.68
2774,-11,-8.7
2775,-6,-8.76
2776,0,-8.66
2777,-8,-8.63
2778,-9,-8.63
2779,-6,-8.62
2780,-13,-8.65
2781,-9,-8.65
2782,-7,-8.61
2783,-10,-8.6
2784,0,-8.51
2785,-14,-8.53
2786,-9,-8.5
2787,-11,-8.51
2788,-8,-8.47
2789,-11,-8.48
2790,-10,-8.49
2791,-7,-8.48
2792,-6,-8.44
2793,0,-8.38
2794,-7,-8.34
2795,-11,-8.34
2796,-8,-8.31
2797,-8,-8.31
2798,-14,-8.34
2799,-9,-8.38
2800,-9,-8.39
2801,-8,-8.4
2802,-7,-8.4
2803,-10,-8.45
2804,0,-8.35
2805,-10,-8.37
2806,-9,-8.34
2807,-11,-8.36
2808,-10,-8.39
2809,-8,-8.39
2810,-10,-8.36
2811,-10,-8.35
2812,-8,-8.34
2813,-10,-8.39
2814,-4,-8.35
2815,-9,-8.33
2816,-8,-8.35
2817,-11,-8.35
2818,-4,-8.3
2819,-8,-8.29
2820,-9,-8.27
2821,-7,-8.23
2822,-11,-8.21
2823,-9,-8.19
2824,-10,-8.2
2825,-8,-8.16
2826,0,-8.07
2827,-11,-8.09
2828,-10,-8.07
2829,-10,-8.11
2830,-8,-8.14
2831,-12,-8.16
2832,-12,-8.22
2833,-14,-8.3
2834,0,-8.19
2835,-13,-8.17
2836,-11,-8.16
2837,-10,-8.14
2838,-9,-8.15
2839,-8,-8.23
2840,-13,-8.28
2841,-7,-8.35
2842,-11,-8.36
2843,-5,-8.31
2844,-8,-8.32
2845,-9,-8.41
2846,-12,-8.44
2847,0,-8.36
2848,-11,-8.38
2849,-3,-8.36
2850,-8,-8.34
2851,-9,-8.34
2852,-9,-8.34
2853,-10,-8.38
2854,-7,-8.36
2855,-11,-8.37
2856,-8,-8.36
2857,-8,-8.37
2858,-10,-8.36
2859,-10,-8.46
2860,-4,-8.39
2861,-4,-8.34
2862,-9,-8.33
2863,-10,-8.43
2864,-13,-8.51
2865,-11,-8.54
2866,-10,-8.55
2867,-3,-8.47
2868,-9,-8.47
2869,-7,-8.45
2870,-9,-8.42
2871,-10,-8.4
2872,-9,-8.42
2873,-8,-8.43
2874,-9,-8.41
2875,-7,-8.42
2876,-13,-8.55
2877,-8,-8.55
2878,-12,-8.58
2879,-13,-8.65
2880,0,-8.52
2881,-6,-8.49
2882,-6,-8.48
2883,0,-8.38
2884,-10,-8.48
2885,-13,-8.47
2886,-12,-8.5
2887,-3,-8.42
2888,-12,-8.46
2889,-11,-8.46
2890,-8,-8.44
2891,-6,-8.43
2892,-11,-8.48
2893,-10,-8.58
2894,-9,-8.6
2895,-10,-8.59
2896,-11,-8.62
2897,-9,-8.63
2898,-8,-8.57
2899,0,-8.48
2900,0,-8.39
2901,-11,-8.42
2902,-13,-8.48
2903,-10,-8.48
2904,0,-8.48
2905,-13,-8.51
2906,-9,-8.51
2907,-10,-8.5
2908,-9,-8.49
2909,-9,-8.5
2910,-8,-8.48
2911,-10,-8.48
2912,0,-8.4
2913,-10,-8.4
2914,-10,-8.46
2915,-11,-8.48
2916,-12,-8.52
2917,-9,-8.5
2918,-8,-8.54
2919,-8,-8.54
2920,-9,-8.54
2921,-12,-8.59
2922,-8,-8.56
2923,0,-8.47
2924,-11,-8.48
2925,-12,-8.52
2926,-14,-8.66
2927,-8,-8.63
2928,-9,-8.62
2929,-12,-8.64
2930,-12,-8.68
2931,-7,-8.63
2932,-10,-8.61
2933,-9,-8.56
2934,-10,-8.66
2935,-7,-8.6
2936,-10,-8.59
2937,-9,-8.58
2938,-10,-8.59
2939,-8,-8.59
2940,-9,-8.55
2941,-8,-8.56
2942,-7,-8.52
2943,-11,-8.58
2944,-5,-8.55
2945,-13,-8.59
2946,-9,-8.56
2947,-8,-8.64
2948,-8,-8.61
2949,-11,-8.69
2950,0,-8.61
2951,-3,-8.55
2952,-10,-8.56
2953,-7,-8.53
2954,-9,-8.55
2955,-10,-8.54
2956,-5,-8.51
2957,-10,-8.53
2958,-11,-8.54
2959,-10,-8.54
2960,-10,-8.6
2961,-12,-8.68
2962,-10,-8.69
2963,-11,-8.7
2964,-11,-8.68
2965,-9,-8.66
2966,-9,-8.65
2967,-5,-8.67
2968,-11,-8.69
2969,0,-8.62
2970,-12,-8.65
2971,-8,-8.63
2972,-6,-8.6
2973,-9,-8.61
2974,-7,-8.59
2975,-7,-8.59
2976,-14,-8.6
2977,-11,-8.63
2978,0,-8.51
2979,-7,-8.45
2980,-4,-8.49
2981,-12,-8.55
2982,-6,-8.55
2983,-10,-8.65
2984,-11,-8.66
2985,-11,-8.64
2986,-11,-8.63
2987,-9,-8.69
2988,-9,-8.66
2989,-8,-8.63
2990,-9,-8.64
2991,-9,-8.67
2992,-11,-8.67
2993,0,-8.57
2994,0,-8.48
2995,-7,-8.45
2996,-6,-8.4
2997,-7,-8.38
2998,-9,-8.39
2999,-7,-8.46
3000,-12,-8.58
3001,-10,-8.57
3002,-8,-8.52
3003,-8,-8.5
3004,-7,-8.57
3005,-6,-8.5
3006,-3,-8.44
3007,-9,-8.43
3008,-11,-8.45
3009,-7,-8.43
3010,-13,-8.48
3011,-12,-8.5
3012,-10,-8.6
3013,-7,-8.57
3014,-4,-8.51
3015,-8,-8.48
3016,-5,-8.41
3017,-7,-8.39
3018,-9,-8.4
3019,-13,-8.45
3020,-14,-8.5
3021,-8,-8.46
3022,-14,-8.52
3023,-9,-8.61
3024,-1,-8.51
3025,-9,-8.48
3026,-9,-8.43
3027,-6,-8.41
3028,-9,-8.41
3029,-7,-8.36
3030,-9,-8.33
3031,-10,-8.36
3032,-12,-8.38
3033,-4,-8.33
3034,-8,-8.31
3035,-7,-8.31
3036,-9,-8.3
3037,0,-8.21
3038,-7,-8.18
3039,-10,-8.2
3040,-9,-8.2
3041,-6,-8.18
3042,-14,-8.25
3043,-10,-8.24
3044,0,-8.19
3045,-10,-8.16
3046,-9,-8.16
3047,-9,-8.17
3048,-6,-8.15
3049,-10,-8.14
3050,-11,-8.25
3051,-4,-8.26
3052,-11,-8.27
3053,-8,-8.28
3054,-10,-8.29
3055,-6,-8.25
3056,-8,-8.28
3057,-8,-8.26
3058,-11,-8.26
3059,-11,-8.27
3060,-7,-8.24
3061,-9,-8.21
3062,-10,-8.21
3063,-9,-8.19
3064,-12,-8.2
3065,-5,-8.16
3066,-9,-8.16
3067,-9,-8.2
3068,-13,-8.22
3069,-12,-8.34
3070,-11,-8.33
3071,-6,-8.31
3072,-9,-8.34
3073,-6,-8.31
3074,-8,-8.32
3075,-10,-8.35
3076,-6,-8.27
3077,-3,-8.19
3078,-12,-8.31
3079,-4,-8.28
3080,-8,-8.32
3081,-8,-8.28
3082,-8,-8.3
3083,-13,-8.33
3084,-11,-8.33
3085,-8,-8.3
3086,-1,-8.2
3087,-11,-8.22
3088,0,-8.13
3089,-6,-8.11
3090,-6,-8.08
3091,-7,-8.06
3092,-6,-8.01
3093,-11,-8.12
3094,-6,-8.18
3095,-10,-8.21
3096,-6,-8.21
3097,-10,-8.24
3098,0,-8.15
3099,-11,-8.19
3100,-12,-8.19
3101,-10,-8.19
3102,-8,-8.19
3103,-9,-8.2
3104,-8,-8.21
3105,-8,-8.23
3106,0,-8.2
3107,-11,-8.22
3108,-12,-8.23
3109,-11,-8.27
3110,-10,-8.24
3111,0,-8.12
3112,-10,-8.12
3113,-12,-8.17
3114,-8,-8.21
3115,-1,-8.14
3116,-10,-8.19
3117,-9,-8.21
3118,-4,-8.16
3119,-7,-8.1
3120,-10,-8.06
3121,-10,-8.08
3122,-12,-8.06
3123,-6,-8.03
3124,-6,-8.08
3125,-11,-8.1
3126,-5,-8.06
3127,-13,-8.13
3128,-8,-8.12
3129,-9,-8.14
3130,-7,-8.12
3131,-8,-8.1
3132,-10,-8.08
3133,-6,-8.1
3134,-12,-8.14
3135,-8,-8.15
3136,-11,-8.17
3137,-9,-8.26
3138,-7,-8.26
3139,-7,-8.23
3140,0,-8.14
3141,-11,-8.19
3142,-10,-8.15
3143,-7,-8.12
3144,-11,-8.23
3145,-10,-8.23
3146,-7,-8.21
3147,-8,-8.2
3148,-8,-8.22
3149,-9,-8.21
3150,-6,-8.16
3151,-10,-8.22
3152,-9,-8.2
3153,-10,-8.22
3154,-6,-8.18
3155,-6,-8.18
3156,-8,-8.18
3157,-10,-8.2
3158,-9,-8.18
3159,0,-8.07
3160,-11,-8.11
3161,-9,-8.11
3162,-8,-8.09
3163,-8,-8.08
3164,-9,-8.05
3165,-6,-8.06
3166,-7,-8.04
3167,-2,-7.97
3168,0,-7.84
3169,-10,-7.82
3170,-12,-7.83
3171,-6,-7.83
3172,-11,-7.85
3173,-9,-7.88
3174,-9,-7.89
3175,-5,-7.84
3176,-7,-7.85
3177,-12,-7.94
3178,0,-7.82
3179,-8,-7.86
3180,-10,-7.88
3181,-11,-7.91
3182,-7,-7.9
3183,-4,-7.81
3184,-6,-7.76
3185,-9,-7.77
3186,-13,-7.89
3187,-13,-7.91
3188,-7,-7.98
3189,-9,-8.01
3190,-9,-8.04
3191,-10,-8.07
3192,0,-8.01
3193,-10,-8.0
3194,-7,-8.01
3195,-9,-8.0
3196,-9,-8.03
3197,-11,-8.04
3198,-6,-8.1
3199,-9,-8.08
3200,-9,-8.05
3201,-10,-8.05
3202,-8,-8.05
3203,-7,-8.03
3204,-9,-8.04
3205,-6,-8.02
3206,-10,-8.12
3207,-13,-8.14
3208,0,-8.02
3209,0,-7.91
3210,-9,-7.9
3211,-9,-7.99
3212,-12,-8.01
3213,-11,-8.0
3214,0,-7.92
3215,-8,-7.99
3216,-10,-7.99
3217,-7,-7.97
3218,-7,-8.0
3219,-11,-8.04
3220,-11,-8.05
3221,-10,-8.05
3222,-7,-8.0
3223,-15,-8.09
3224,-9,-8.12
3225,-1,-8.02
3226,-10,-8.07
3227,-12,-8.06
3228,0,-7.98
3229,-5,-7.94
3230,-9,-7.96
3231,-8,-7.96
3232,-15,-8.01
3233,0,-7.95
3234,-4,-7.87
3235,-11,-7.9
3236,-10,-7.89
3237,-6,-7.86
3238,-6,-7.85
3239,-5,-7.83
3240,-5,-7.88
3241,-8,-7.85
3242,-9,-7.84
3243,-8,-7.85
3244,0,-7.74
3245,-9,-7.73
3246,-8,-7.74
3247,-3,-7.69
3248,-12,-7.73
3249,-9,-7.73
3250,-10,-7.77
3251,-9,-7.76
3252,-6,-7.73
3253,-9,-7.72
3254,-5,-7.71
3255,-6,-7.71
3256,-6,-7.69
3257,-11,-7.7
3258,-7,-7.68
3259,-7,-7.75
3260,-8,-7.72
3261,-9,-7.72
3262,-9,-7.73
3263,-10,-7.75
3264,-9,-7.75
3265,-12,-7.81
3266,-12,-7.86
3267,-8,-7.92
3268,-7,-7.99
3269,-3,-7.92
3270,-8,-7.88
3271,-11,-7.93
3272,-8,-7.9
3273,-14,-7.95
3274,-11,-7.97
3275,-8,-8.0
3276,0,-7.93
3277,2,-7.79
3278,-10,-7.89
3279,-6,-7.87
3280,-10,-7.87
3281,-8,-7.84
3282,-6,-7.83
3283,-9,-7.88
3284,1,-7.81
3285,-11,-7.83
3286,-9,-7.79
3287,-13,-7.79
3288,-8,-7.8
3289,-11,-7.82
3290,-9,-7.82
3291,-9,-7.81
3292,-10,-7.91
3293,-7,-7.88
3294,-11,-7.92
3295,-9,-7.92
3296,-7,-7.9
3297,-6,-7.85
3298,-1,-7.8
3299,-10,-7.81
3300,-10,-7.82
3301,-10,-7.82
3302,-11,-7.85
3303,-9,-7.87
3304,-7,-7.85
3305,0,-7.79
3306,-11,-7.8
3307,-11,-7.78
3308,-7,-7.85
3309,-13,-7.98
3310,-10,-7.99
3311,-8,-7.98
3312,-9,-7.95
3313,-9,-7.93
3314,-11,-8.04
3315,-10,-8.06
3316,-8,-8.04
3317,-2,-7.99
3318,-11,-8.03
3319,-10,-8.02
3320,-8,-7.99
3321,-12,-8.01
3322,-9,-8.03
3323,-8,-7.96
3324,-10,-7.97
3325,-8,-8.04
3326,-11,-8.05
3327,1,-7.92
3328,-12,-8.04
3329,-9,-8.08
3330,-3,-8.02
3331,-5,-7.99
3332,-8,-7.92
3333,-9,-8.01
3334,-8,-8.05
3335,-12,-8.06
3336,-12,-8.08
3337,-13,-8.15
3338,-9,-8.18
3339,-8,-8.21
3340,-3,-8.19
3341,-9,-8.2
3342,-8,-8.19
3343,-9,-8.2
3344,-9,-8.29
3345,-12,-8.32
3346,-13,-8.37
3347,-14,-8.48
3348,-6,-8.42
3349,-8,-8.41
3350,-8,-8.39
3351,-9,-8.39
3352,-7,-8.4
3353,-7,-8.38
3354,-13,-8.46
3355,-11,-8.51
3356,-9,-8.54
3357,-10,-8.53
3358,-7,-8.53
3359,-10,-8.56
3360,-7,-8.55
3361,-12,-8.58
3362,-10,-8.59
3363,-8,-8.57
3364,0,-8.48
3365,-6,-8.42
3366,-7,-8.37
3367,-10,-8.39
3368,0,-8.32
3369,-11,-8.4
3370,-7,-8.39
3371,-3,-8.31
3372,-8,-8.31
3373,-9,-8.26
3374,-8,-8.23
3375,-6,-8.21
3376,-7,-8.28
3377,-5,-8.35
3378,-9,-8.34
3379,-10,-8.38
3380,-4,-8.32
3381,0,-8.24
3382,-13,-8.31
3383,-7,-8.29
3384,-9,-8.39
3385,-12,-8.4
3386,-9,-8.4
3387,-8,-8.35
3388,-9,-8.36
3389,-8,-8.33
3390,-10,-8.34
3391,-10,-8.35
3392,0,-8.25
3393,-7,-8.25
3394,0,-8.14
3395,-11,-8.16
3396,-6,-8.15
3397,-8,-8.17
3398,-12,-8.28
3399,-10,-8.28
3400,-7,-8.25
3401,-9,-8.24
3402,-10,-8.23
3403,-12,-8.26
3404,-9,-8.28
3405,-11,-8.39
3406,-7,-8.35
3407,-13,-8.37
3408,-9,-8.39
3409,-6,-8.32
3410,-7,-8.29
3411,-8,-8.29
3412,-10,-8.3
3413,-8,-8.29
3414,-4,-8.22
3415,-8,-8.2
3416,-10,-8.22
3417,-10,-8.3
3418,-8,-8.27
3419,-4,-8.21
3420,-10,-8.23
3421,-8,-8.19
3422,-11,-8.21
3423,-12,-8.25
3424,-13,-8.28
3425,-9,-8.29
3426,-11,-8.29
3427,-11,-8.41
3428,-9,-8.38
3429,-9,-8.38
3430,-9,-8.44
3431,-5,-8.44
3432,-11,-8.47
3433,-8,-8.46
3434,0,-8.38
3435,-6,-8.32
3436,-6,-8.26
3437,-6,-8.19
3438,-11,-8.21
3439,-8,-8.21
3440,-11,-8.29
3441,-10,-8.3
3442,-4,-8.26
3443,-7,-8.24
3444,-8,-8.23
3445,-9,-8.2
3446,-6,-8.13
3447,-9,-8.08
3448,-10,-8.12
3449,-9,-8.13
3450,-7,-8.12
3451,-11,-8.14
3452,-12,-8.19
3453,-11,-8.23
3454,-5,-8.15
3455,-12,-8.16
3456,-7,-8.14
3457,-8,-8.12
3458,-10,-8.15
3459,-7,-8.12
3460,-10,-8.15
3461,-9,-8.12
3462,0,-8.02
3463,-11,-8.05
3464,-10,-8.15
3465,-12,-8.21
3466,-9,-8.23
3467,-10,-8.23
3468,0,-8.23
3469,-11,-8.23
3470,-11,-8.27
3471,-6,-8.3
3472,-2,-8.24
3473,-5,-8.2
3474,-7,-8.19
3475,-9,-8.22
3476,-10,-8.25
3477,-8,-8.28
3478,-9,-8.28
3479,-3,-8.21
3480,-9,-8.26
3481,-9,-8.35
3482,-10,-8.32
3483,-8,-8.33
3484,-10,-8.34
3485,-6,-8.28
3486,-9,-8.28
3487,-12,-8.32
3488,-10,-8.33
3489,-9,-8.34
3490,-9,-8.33
3491,-10,-8.33
3492,-6,-8.39
3493,-11,-8.43
3494,-11,-8.54
3495,-9,-8.52
3496,-10,-8.56
3497,-3,-8.51
3498,-13,-8.52
3499,-6,-8.48
3500,-11,-8.52
3501,0,-8.43
3502,0,-8.33
3503,-7,-8.28
3504,-10,-8.29
3505,-10,-8.28
3506,-6,-8.27
3507,-8,-8.22
3508,-11,-8.24
3509,-11,-8.29
3510,-8,-8.3
3511,-8,-8.3
3512,-9,-8.29
3513,0,-8.21
3514,-9,-8.26
3515,-12,-8.3
3516,-11,-8.31
3517,-6,-8.27
3518,-6,-8.25
3519,-10,-8.31
3520,-9,-8.3
3521,-6,-8.28
3522,-7,-8.24
3523,-7,-8.19
3524,-7,-8.13
3525,0,-8.04
3526,-5,-7.98
3527,-7,-7.94
3528,-8,-7.93
3529,-11,-7.95
3530,0,-7.86
3531,-9,-7.9
3532,-8,-7.87
3533,-11,-7.9
3534,-8,-7.98
3535,-9,-8.01
3536,-7,-8.02
3537,-5,-8.01
3538,-6,-7.96
3539,0,-7.88
3540,-9,-7.86
3541,-9,-7.85
3542,-13,-7.94
3543,-9,-7.96
3544,-11,-7.99
3545,-12,-8.02
3546,-11,-8.07
3547,-11,-8.09
3548,-9,-8.08
3549,-6,-8.05
3550,-12,-8.1
3551,-6,-8.05
3552,-7,-8.0
3553,-4,-7.93
3554,0,-7.88
3555,0,-7.76
3556,-8,-7.77
3557,-13,-7.82
3558,-14,-7.86
3559,-12,-7.91
3560,-9,-7.9
3561,-11,-7.92
3562,-11,-8.03
3563,-10,-8.02
3564,-7,-7.99
3565,-13,-8.0
3566,-6,-7.97
3567,-10,-7.97
3568,-2,-7.99
3569,-7,-7.95
3570,-9,-7.93
3571,-11,-7.98
3572,-11,-8.07
3573,-8,-8.1
3574,-12,-8.15
3575,-10,-8.16
3576,-4,-8.1
3577,-7,-8.09
3578,-11,-8.11
3579,0,-8.08
3580,-9,-8.08
3581,-3,-8.02
3582,-6,-7.98
3583,-4,-7.94
3584,-11,-7.95
3585,-6,-7.95
3586,-5,-7.91
3587,-7,-7.86
3588,-5,-7.81
3589,0,-7.72
3590,-6,-7.69
3591,-10,-7.69
3592,-1,-7.64
3593,-9,-7.62
3594,-9,-7.6
3595,-10,-7.61
3596,-10,-7.61
3597,-8,-7.66
3598,-8,-7.61
3599,-2,-7.57
3600,-6,-7.52
3601,-10,-7.62
3602,-10,-7.72
3603,-10,-7.75
3604,-11,-7.76
3605,-8,-7.74
3606,-8,-7.76
3607,0,-7.68
3608,-9,-7.66
3609,-4,-7.59
3610,-4,-7.55
3611,0,-7.47
3612,-13,-7.51
3613,-2,-7.53
3614,-8,-7.52
3615,-9,-7.49
3616,-11,-7.49
3617,-5,-7.48
3618,-10,-7.52
3619,-7,-7.49
3620,-8,-7.48
3621,-8,-7.5
3622,-10,-7.53
3623,-7,-7.53
3624,-10,-7.56
3625,-7,-7.63
3626,-9,-7.67
3627,-9,-7.69
3628,-11,-7.72
3629,-1,-7.62
3630,-7,-7.69
3631,0,-7.6
3632,-4,-7.56
3633,-1,-7.46
3634,-5,-7.43
3635,-12,-7.46
3636,-10,-7.49
3637,-8,-7.52
3638,-11,-7.57
3639,-13,-7.7
3640,-14,-7.75
3641,-8,-7.74
3642,-9,-7.7
3643,-8,-7.69
3644,-9,-7.67
3645,-9,-7.64
3646,-10,-7.63
3647,-10,-7.62
3648,-3,-7.56
3649,-7,-7.57
3650,-11,-7.56
3651,-2,-7.52
3652,-6,-7.51
3653,-10,-7.57
3654,-2,-7.59
3655,-9,-7.68
3656,-6,-7.66
3657,-11,-7.64
3658,-14,-7.64
3659,-9,-7.61
3660,-9,-7.61
3661,-5,-7.55
3662,-9,-7.53
3663,-13,-7.56
3664,-9,-7.58
3665,-11,-7.56
3666,0,-7.5
3667,-8,-7.48
3668,-11,-7.57
3669,0,-7.5
3670,-8,-7.49
3671,-9,-7.47
3672,-5,-7.41
3673,-9,-7.42
3674,-9,-7.39
3675,-7,-7.36
3676,-4,-7.36
3677,-8,-7.37
3678,-11,-7.37
3679,-8,-7.45
3680,-7,-7.43
3681,-4,-7.44
3682,-13,-7.51
3683,-8,-7.55
3684,-12,-7.56
3685,-8,-7.58
3686,-8,-7.61
3687,-12,-7.66
3688,-12,-7.73
3689,-9,-7.82
3690,-5,-7.81
3691,-5,-7.76
3692,-9,-7.84
3693,-8,-7.83
3694,-14,-7.88
3695,-9,-7.87
3696,-6,-7.83
3697,-8,-7.83
3698,-9,-7.84
3699,-12,-7.94
3700,-5,-7.93
3701,-5,-7.88
3702,-5,-7.83
3703,-9,-7.82
3704,-11,-7.82
3705,-12,-7.86
3706,-7,-7.85
3707,-10,-7.95
3708,-7,-7.93
3709,-7,-7.96
3710,-4,-7.96
3711,-7,-8.03
3712,-6,-7.96
3713,-8,-8.02
3714,-3,-7.97
3715,-7,-7.95
3716,-10,-7.94
3717,-6,-7.95
3718,-7,-7.92
3719,-8,-7.93
3720,-4,-7.89
3721,0,-7.81
3722,-4,-7.75
3723,-12,-7.8
3724,-10,-7.8
3725,-8,-7.81
3726,-10,-7.82
3727,-11,-7.84
3728,0,-7.73
3729,-8,-7.8
3730,-5,-7.78
3731,-10,-7.88
3732,-4,-7.88
3733,-11,-7.98
3734,-10,-8.03
3735,-11,-8.02
3736,-10,-8.02
3737,-8,-8.02
3738,-8,-7.99
3739,-5,-7.91
3740,-3,-7.8
3741,-9,-7.81
3742,-10,-7.82
3743,-11,-7.85
3744,0,-7.76
3745,-9,-7.76
3746,0,-7.66
3747,-9,-7.65
3748,-10,-7.72
3749,-10,-7.75
3750,-4,-7.68
3751,0,-7.66
3752,-12,-7.72
3753,-10,-7.72
3754,-5,-7.75
3755,-11,-7.77
3756,-3,-7.74
3757,-7,-7.7
3758,-11,-7.67
3759,-9,-7.67
3760,-6,-7.64
3761,-7,-7.66
3762,-8,-7.65
3763,-10,-7.62
3764,-9,-7.62
3765,-10,-7.61
3766,-7,-7.68
3767,-9,-7.69
3768,-8,-7.66
3769,-10,-7.76
3770,0,-7.68
3771,-7,-7.66
3772,0,-7.61
3773,-11,-7.63
3774,-9,-7.63
3775,-12,-7.68
3776,-9,-7.73
3777,-11,-7.76
3778,-8,-7.73
3779,-2,-7.67
3780,-3,-7.63
3781,-8,-7.67
3782,-10,-7.64
3783,-12,-7.68
3784,-10,-7.66
3785,-3,-7.61
3786,-11,-7.64
3787,-6,-7.58
3788,-13,-7.59
3789,-6,-7.56
3790,0,-7.51
3791,-9,-7.55
3792,-8,-7.54
3793,-6,-7.52
3794,-7,-7.45
3795,-5,-7.41
3796,-8,-7.43
3797,-7,-7.42
3798,-10,-7.43
3799,-13,-7.44
3800,-11,-7.5
3801,-9,-7.54
3802,-4,-7.53
3803,-9,-7.53
3804,-6,-7.48
3805,-7,-7.43
3806,-11,-7.47
3807,-12,-7.49
3808,-12,-7.54
3809,-9,-7.56
3810,-5,-7.57
3811,-9,-7.59
3812,-10,-7.63
3813,-9,-7.64
3814,-9,-7.7
3815,-10,-7.73
3816,-8,-7.71
3817,-7,-7.72
3818,-5,-7.7
3819,-11,-7.73
3820,-10,-7.79
3821,-8,-7.87
3822,0,-7.83
3823,-10,-7.81
3824,-9,-7.8
3825,-6,-7.78
3826,-7,-7.75
3827,-4,-7.68
3828,-9,-7.77
3829,-6,-7.75
3830,-9,-7.79
3831,-10,-7.79
3832,-9,-7.84
3833,-3,-7.76
3834,-10,-7.76
3835,-5,-7.7
3836,-11,-7.71
3837,-4,-7.67
3838,-8,-7.67
3839,-3,-7.65
3840,-6,-7.68
3841,-9,-7.68
3842,0,-7.58
3843,-10,-7.57
3844,-6,-7.63
3845,-5,-7.59
3846,-10,-7.69
3847,-8,-7.68
3848,-11,-7.69
3849,-12,-7.71
3850,-5,-7.72
3851,-12,-7.84
3852,-3,-7.75
3853,0,-7.65
3854,-4,-7.64
3855,-14,-7.67
3856,-10,-7.74
3857,-7,-7.74
3858,-8,-7.71
3859,-9,-7.71
3860,-8,-7.73
3861,-8,-7.74
3862,-10,-7.76
3863,-6,-7.72
3864,-11,-7.74
3865,-10,-7.74
3866,-8,-7.75
3867,-7,-7.73
3868,-6,-7.71
3869,-8,-7.69
3870,0,-7.69
3871,-8,-7.7
3872,-10,-7.8
3873,-9,-7.78
3874,0,-7.69
3875,-6,-7.63
3876,-9,-7.63
3877,-10,-7.62
3878,-9,-7.63
3879,-6,-7.67
3880,0,-7.64
3881,-5,-7.61
3882,-10,-7.61
3883,0,-7.49
3884,-6,-7.45
3885,-11,-7.53
3886,-11,-7.53
3887,-9,-7.56
3888,-6,-7.49
3889,-6,-7.49
3890,-9,-7.58
3891,-10,-7.59
3892,-10,-7.61
3893,0,-7.55
3894,-9,-7.57
3895,0,-7.52
3896,-7,-7.51
3897,-9,-7.53
3898,-5,-7.48
3899,-9,-7.44
3900,-4,-7.37
3901,-6,-7.34
3902,-7,-7.37
3903,-11,-7.39
3904,-8,-7.41
3905,-6,-7.4
3906,-10,-7.39
3907,-8,-7.35
3908,-6,-7.29
3909,-5,-7.25
3910,-11,-7.31
3911,-7,-7.29
3912,-14,-7.33
3913,-5,-7.29
3914,-6,-7.26
3915,-5,-7.21
3916,-7,-7.2
3917,-6,-7.19
3918,-11,-7.25
3919,-7,-7.21
3920,-6,-7.17
3921,-11,-7.2
3922,-10,-7.3
3923,-14,-7.34
3924,-7,-7.32
3925,-6,-7.32
3926,-6,-7.31
3927,-5,-7.32
3928,-6,-7.29
3929,-7,-7.3
3930,-5,-7.26
3931,-10,-7.26
3932,-7,-7.24
3933,-8,-7.29
3934,-9,-7.28
3935,0,-7.23
3936,-6,-7.18
3937,-9,-7.23
3938,-8,-7.23
3939,-9,-7.29
3940,-6,-7.29
3941,-6,-7.26
3942,-8,-7.34
3943,-10,-7.34
3944,-8,-7.36
3945,0,-7.31
3946,-6,-7.27
3947,-13,-7.32
3948,-8,-7.29
3949,-7,-7.24
3950,-7,-7.26
3951,-5,-7.19
3952,-10,-7.26
3953,-11,-7.37
3954,-13,-7.46
3955,-11,-7.43
3956,-7,-7.4
3957,-9,-7.42
3958,-10,-7.44
3959,-10,-7.45
3960,-9,-7.46
3961,0,-7.38
3962,-11,-7.39
3963,-9,-7.42
3964,-9,-7.4
3965,-8,-7.38
3966,-7,-7.37
3967,-10,-7.4
3968,-7,-7.41
3969,-11,-7.44
3970,-6,-7.5
3971,-6,-7.48
3972,-14,-7.52
3973,-12,-7.55
3974,-13,-7.68
3975,-6,-7.68
3976,0,-7.59
3977,-7,-7.56
3978,-12,-7.59
3979,-10,-7.63
3980,-11,-7.74
3981,-5,-7.74
3982,-6,-7.7
3983,-10,-7.8
3984,-12,-7.86
3985,0,-7.75
3986,-12,-7.76
3987,-9,-7.76
3988,-9,-7.79
3989,-12,-7.85
3990,-7,-7.83
3991,-10,-7.83
3992,-8,-7.81
3993,-10,-7.91
3994,-4,-7.86
3995,-11,-7.97
3996,-2,-7.92
3997,-9,-7.92
3998,-4,-7.91
3999,-7,-7.89
4000,-3,-7.88
4001,-10,-7.92
4002,-7,-7.92
4003,-9,-7.9
4004,0,-7.82
4005,-9,-7.85
4006,-2,-7.77
4007,-9,-7.78
4008,-11,-7.83
4009,-7,-7.85
4010,-8,-7.82
4011,-11,-7.86
4012,-11,-7.83
4013,-9,-7.87
4014,-11,-7.92
4015,-6,-7.93
4016,-12,-7.98
4017,-6,-7.98
4018,-3,-7.9
4019,-6,-7.89
4020,-7,-7.9
4021,-7,-7.86
4022,-8,-7.84
4023,-6,-7.76
4024,-9,-7.78
4025,-8,-7.8
4026,-11,-7.85
4027,0,-7.8
4028,-9,-7.83
4029,-6,-7.82
4030,-9,-7.86
4031,-7,-7.83
4032,-11,-7.87
4033,-9,-7.88
4034,-10,-7.89
4035,-3,-7.92
4036,-9,-7.95
4037,0,-7.86
4038,-12,-7.9
4039,-4,-7.85
4040,0,-7.79
4041,-9,-7.82
4042,-6,-7.8
4043,-10,-7.8
4044,-6,-7.78
4045,-8,-7.86
4046,-6,-7.86
4047,-8,-7.81
4048,0,-7.73
4049,-11,-7.77
4050,-11,-7.81
4051,-8,-7.84
4052,-8,-7.82
4053,-6,-7.77
4054,-5,-7.69
4055,-7,-7.65
4056,-5,-7.63
4057,-10,-7.64
4058,-13,-7.67
4059,-9,-7.66
4060,-11,-7.68
4061,-8,-7.76
4062,-2,-7.67
4063,-8,-7.66
4064,-12,-7.69
4065,-6,-7.67
4066,-8,-7.68
4067,-10,-7.68
4068,-11,-7.72
4069,-9,-7.7
4070,-6,-7.7
4071,-6,-7.7
4072,-4,-7.6
4073,-7,-7.55
4074,-8,-7.5
4075,-7,-7.51
4076,-8,-7.59
4077,-5,-7.57
4078,0,-7.45
4079,-7,-7.42
4080,-1,-7.32
4081,-4,-7.31
4082,-8,-7.33
4083,-5,-7.28
4084,-9,-7.25
4085,-9,-7.34
4086,0,-7.22
4087,-8,-7.21
4088,-6,-7.18
4089,-6,-7.12
4090,-5,-7.1
4091,-11,-7.11
4092,-11,-7.14
4093,-9,-7.13
4094,0,-7.09
4095,-1,-6.99
4096,-10,-7.07
4097,-9,-7.07
4098,-13,-7.16
4099,-10,-7.19
4100,-9,-7.25
4101,-8,-7.23
4102,-10,-7.26
4103,-7,-7.24
4104,-8,-7.32
4105,-8,-7.31
4106,-10,-7.39
4107,-11,-7.41
4108,-7,-7.37
4109,-8,-7.38
4110,-11,-7.41
4111,-4,-7.34
4112,-8,-7.31
4113,-6,-7.28
4114,-6,-7.23
4115,-8,-7.25
4116,-9,-7.22
4117,-7,-7.23
4118,0,-7.2
4119,-7,-7.21
4120,-10,-7.24
4121,-5,-7.22
4122,-8,-7.22
4123,0,-7.16
4124,-11,-7.18
4125,-9,-7.19
4126,-8,-7.16
4127,0,-7.16
4128,-10,-7.17
4129,-9,-7.2
4130,-9,-7.2
4131,-11,-7.24
4132,-9,-7.22
4133,-4,-7.17
4134,-7,-7.14
4135,-12,-7.23
4136,-11,-7.25
4137,-7,-7.32
4138,-6,-7.26
4139,-11,-7.33
4140,-8,-7.41
4141,-11,-7.43
4142,-5,-7.42
4143,-10,-7.42
4144,-10,-7.46
4145,-13,-7.51
4146,-12,-7.57
4147,-9,-7.58
4148,-6,-7.64
4149,-8,-7.61
4150,-10,-7.6
4151,-10,-7.62
4152,-11,-7.65
4153,-10,-7.69
4154,-8,-7.72
4155,-6,-7.71
4156,-10,-7.76
4157,-8,-7.74
4158,-8,-7.69
4159,-13,-7.73
4160,-9,-7.71
4161,-7,-7.7
4162,-6,-7.74
4163,-6,-7.72
4164,-11,-7.71
4165,-10,-7.75
4166,-9,-7.76
4167,-9,-7.75
4168,0,-7.64
4169,-3,-7.58
4170,-7,-7.59
4171,-8,-7.61
4172,-11,-7.68
4173,-7,-7.68
4174,-2,-7.62
4175,-10,-7.65
4176,0,-7.57
4177,-11,-7.63
4178,-6,-7.69
4179,-9,-7.71
4180,-5,-7.75
4181,-8,-7.79
4182,-4,-7.75
4183,-10,-7.8
4184,0,-7.71
4185,-9,-7.71
4186,-12,-7.83
4187,-14,-7.89
4188,-8,-7.91
4189,-8,-7.93
4190,-13,-8.01
4191,-11,-8.01
4192,-8,-7.98
4193,-10,-7.99
4194,-6,-8.05
4195,-7,-8.11
4196,-4,-8.05
4197,-5,-8.01
4198,-6,-7.94
4199,-9,-7.93
4200,-5,-7.89
4201,-3,-7.84
4202,-11,-7.85
4203,-9,-7.87
4204,-4,-7.83
4205,-8,-7.83
4206,-5,-7.78
4207,-9,-7.76
4208,-9,-7.78
4209,-8,-7.78
4210,0,-7.67
4211,-5,-7.68
4212,-6,-7.66
4213,-9,-7.69
4214,-12,-7.75
4215,-5,-7.72
4216,-8,-7.71
4217,-11,-7.75
4218,-10,-7.85
4219,-7,-7.85
4220,-7,-7.82
4221,-12,-7.89
4222,-13,-7.94
4223,-8,-8.02
4224,-10,-8.01
4225,0,-7.92
4226,-5,-7.89
4227,-7,-7.96
4228,-11,-7.97
4229,-1,-7.89
4230,-8,-7.88
4231,-10,-7.87
4232,-10,-7.88
4233,-8,-7.92
4234,-8,-7.93
4235,-5,-7.86
4236,-9,-7.84
4237,-8,-7.85
4238,-9,-7.88
4239,-15,-7.92
4240,-13,-7.97
4241,-6,-7.92
4242,-10,-7.97
4243,-9,-7.96
4244,-1,-7.87
4245,-10,-7.84
4246,-8,-7.8
4247,-11,-7.82
4248,-5,-7.81
4249,-9,-7.82
4250,-10,-7.82
4251,-7,-7.79
4252,-5,-7.73
4253,-6,-7.69
4254,-8,-7.69
4255,-12,-7.75
4256,-8,-7.73
4257,-7,-7.72
4258,-8,-7.72
4259,-5,-7.64
4260,-8,-7.63
4261,-4,-7.6
4262,-9,-7.63
4263,-9,-7.66
4264,-4,-7.59
4265,-7,-7.56
4266,-4,-7.51
4267,-9,-7.51
4268,-9,-7.6
4269,-6,-7.63
4270,-10,-7.66
4271,-11,-7.69
4272,-12,-7.7
4273,-8,-7.71
4274,-4,-7.73
4275,-9,-7.72
4276,-10,-7.82
4277,-7,-7.78
4278,-7,-7.79
4279,-12,-7.82
4280,-5,-7.82
4281,-3,-7.77
4282,0,-7.73
4283,-8,-7.71
4284,-7,-7.78
4285,-11,-7.8
4286,-4,-7.72
4287,-7,-7.65
4288,-8,-7.65
4289,-11,-7.68
4290,-5,-7.6
4291,-9,-7.58
4292,-11,-7.61
4293,-8,-7.59
4294,-11,-7.64
4295,-8,-7.65
4296,-7,-7.68
4297,-8,-7.71
4298,-11,-7.76
4299,-11,-7.78
4300,-5,-7.78
4301,-12,-7.87
4302,-10,-7.86
4303,-10,-7.87
4304,-7,-7.9
4305,-14,-7.96
4306,-9,-8.0
4307,-8,-7.99
4308,-9,-7.99
4309,-4,-7.95
4310,-6,-8.01
4311,-1,-7.97
4312,-9,-8.0
4313,-9,-8.0
4314,0,-7.88
4315,-7,-7.9
4316,-11,-7.93
4317,-6,-7.88
4318,-5,-7.83
4319,-10,-7.86
4320,-7,-7.86
4321,-8,-7.82
4322,-10,-7.79
4323,-12,-7.83
4324,-6,-7.79
4325,-7,-7.86
4326,0,-7.81
4327,-10,-7.84
4328,-9,-7.82
4329,-9,-7.9
4330,-7,-7.89
4331,-7,-7.86
4332,-8,-7.84
4333,-5,-7.81
4334,-5,-7.78
4335,-8,-7.81
4336,-11,-7.83
4337,-11,-7.86
4338,-7,-7.84
4339,-9,-7.78
4340,-6,-7.71
4341,-9,-7.74
4342,-8,-7.72
4343,-7,-7.7
4344,-12,-7.81
4345,-6,-7.77
4346,0,-7.69
4347,-11,-7.69
4348,-4,-7.68
4349,-7,-7.66
4350,-7,-7.63
4351,-10,-7.66
4352,-7,-7.68
4353,-8,-7.7
4354,-7,-7.69
4355,-4,-7.61
4356,-5,-7.58
4357,-10,-7.61
4358,-9,-7.62
4359,-7,-7.64
4360,0,-7.56
4361,0,-7.52
4362,-6,-7.49
4363,-6,-7.46
4364,-7,-7.49
4365,-8,-7.5
4366,-8,-7.54
4367,-7,-7.52
4368,-7,-7.5
4369,-10,-7.54
4370,0,-7.44
4371,-8,-7.41
4372,-3,-7.32
4373,-7,-7.31
4374,-6,-7.33
4375,-5,-7.29
4376,-8,-7.27
4377,-10,-7.3
4378,-7,-7.3
4379,-9,-7.27
4380,-9,-7.31
4381,-6,-7.34
4382,-10,-7.44
4383,0,-7.36
4384,-9,-7.38
4385,-12,-7.39
4386,-13,-7.48
4387,-6,-7.47
4388,-10,-7.49
4389,-5,-7.43
4390,-8,-7.46
4391,0,-7.37
4392,-7,-7.33
4393,-11,-7.36
4394,-4,-7.29
4395,-9,-7.3
4396,-11,-7.34
4397,-6,-7.32
4398,-7,-7.28
4399,-9,-7.26
4400,-10,-7.31
4401,-5,-7.24
4402,0,-7.14
4403,-9,-7.13
4404,0,-7.06
4405,-8,-7.0
4406,-9,-7.0
4407,-8,-7.0
4408,-8,-6.99
4409,-11,-7.06
4410,-8,-7.08
4411,-10,-7.17
4412,-6,-7.14
4413,-6,-7.11
4414,-8,-7.19
4415,-8,-7.2
4416,-5,-7.14
4417,-6,-7.14
4418,-6,-7.15
4419,-8,-7.13
4420,-2,-7.08
4421,-8,-7.08
4422,-9,-7.07
4423,-7,-7.02
4424,0,-6.96
4425,-11,-7.0
4426,-9,-7.09
4427,-8,-7.07
4428,-7,-7.05
4429,-6,-7.02
4430,0,-6.95
4431,-9,-6.97
4432,-10,-6.99
4433,-8,-7.02
4434,-8,-7.05
4435,-9,-7.06
4436,0,-6.95
4437,-9,-6.93
4438,-10,-6.96
4439,-8,-6.95
4440,-6,-6.95
4441,-7,-6.93
4442,-7,-6.92
4443,-6,-6.91
4444,-10,-6.89
4445,-4,-6.87
4446,-7,-6.94
4447,-9,-6.92
4448,-6,-6.94
4449,-7,-6.94
4450,-11,-6.98
4451,-9,-6.97
4452,0,-6.9
4453,-4,-6.86
4454,-11,-6.9
4455,0,-6.86
4456,-4,-6.85
4457,-1,-6.76
4458,-3,-6.7
4459,0,-6.63
4460,-8,-6.71
4461,-7,-6.78
4462,-6,-6.78
4463,-8,-6.8
4464,-9,-6.82
4465,-7,-6.81
4466,-11,-6.84
4467,0,-6.77
4468,-7,-6.77
4469,-5,-6.72
4470,-11,-6.83
4471,-6,-6.81
4472,-6,-6.84
4473,-10,-6.87
4474,-2,-6.83
4475,-9,-6.87
4476,-7,-6.86
4477,-10,-6.86
4478,-10,-6.89
4479,-9,-6.89
4480,-9,-6.89
4481,-1,-6.84
4482,-10,-6.84
4483,-6,-6.9
4484,-6,-6.87
4485,-9,-6.84
4486,-5,-6.76
4487,-6,-6.76
4488,-8,-6.74
4489,-9,-6.78
4490,-8,-6.78
4491,-10,-6.88
4492,-4,-6.85
4493,0,-6.74
4494,-8,-6.78
4495,-8,-6.77
4496,-9,-6.75
4497,-9,-6.78
4498,-7,-6.78
4499,-2,-6.71
4500,-7,-6.68
4501,-11,-6.74
4502,-10,-6.84
4503,-10,-6.85
4504,-8,-6.93
4505,-9,-6.94
4506,-9,-6.94
4507,-10,-6.96
4508,-9,-6.97
4509,-3,-6.89
4510,-9,-6.9
4511,-8,-6.88
4512,-12,-6.94
4513,-7,-6.95
4514,-12,-6.99
4515,0,-6.91
4516,-10,-6.96
4517,-8,-6.98
4518,-9,-7.01
4519,-7,-7.0
4520,-5,-7.03
4521,-9,-7.04
4522,0,-6.95
4523,-4,-6.92
4524,-8,-7.0
4525,-9,-6.98
4526,-8,-6.97
4527,-8,-6.97
4528,-6,-6.96
4529,-3,-6.93
4530,-7,-7.0
4531,-11,-7.02
4532,-9,-7.01
4533,-9,-7.02
4534,-4,-6.98
4535,-8,-6.97
4536,-9,-7.06
4537,-3,-7.0
4538,-9,-6.99
4539,-7,-6.98
4540,-7,-6.99
4541,-8,-7.0
4542,-10,-7.03
4543,-9,-7.06
4544,-7,-7.03
4545,-9,-7.08
4546,-5,-7.06
4547,-8,-7.05
4548,-7,-7.06
4549,-5,-7.04
4550,-9,-7.02
4551,-6,-6.99
4552,-7,-7.06
4553,-10,-7.12
4554,-8,-7.09
4555,-8,-7.17
4556,-7,-7.2
4557,-6,-7.25
4558,-7,-7.29
4559,-9,-7.38
4560,-8,-7.38
4561,-5,-7.36
4562,-6,-7.36
4563,-6,-7.34
4564,-11,-7.36
4565,-11,-7.4
4566,-6,-7.35
4567,-10,-7.45
4568,0,-7.38
4569,-6,-7.39
4570,-10,-7.38
4571,-4,-7.36
4572,-8,-7.38
4573,-6,-7.34
4574,-13,-7.45
4575,-9,-7.45
4576,-7,-7.45
4577,-6,-7.41
4578,-7,-7.38
4579,-7,-7.36
4580,-11,-7.38
4581,-2,-7.39
4582,-6,-7.35
4583,-8,-7.37
4584,-8,-7.39
4585,-8,-7.38
4586,-6,-7.39
4587,-7,-7.4
4588,-5,-7.37
4589,-8,-7.36
4590,-9,-7.37
4591,-9,-7.36
4592,-5,-7.37
4593,-7,-7.44
4594,-6,-7.42
4595,-9,-7.43
4596,-8,-7.42
4597,-8,-7.41
4598,-4,-7.38
4599,-8,-7.44
4600,-6,-7.43
4601,-11,-7.43
4602,-7,-7.4
4603,-5,-7.35
4604,0,-7.27
4605,-3,-7.21
4606,-8,-7.2
4607,-8,-7.18
4608,-8,-7.17
4609,-6,-7.2
4610,-3,-7.14
4611,-9,-7.15
4612,-7,-7.1
4613,0,-7.03
4614,-10,-7.01
4615,-12,-7.13
4616,-7,-7.1
4617,-6,-7.08
4618,-9,-7.08
4619,0,-7.01
4620,-7,-7.03
4621,-5,-6.99
4622,-11,-7.1
4623,-10,-7.16
4624,-5,-7.13
4625,-7,-7.11
4626,-7,-7.1
4627,0,-7.02
4628,0,-6.96
4629,-14,-7.07
4630,-8,-7.08
4631,-8,-7.05
4632,-7,-7.03
4633,-8,-7.02
4634,0,-6.98
4635,-2,-6.92
4636,-10,-6.93
4637,-7,-6.97
4638,-10,-6.98
4639,-5,-6.96
4640,-5,-6.94
4641,-6,-6.92
4642,-4,-6.86
4643,-11,-6.88
4644,0,-6.81
4645,-6,-6.78
4646,-8,-6.81
4647,-3,-6.76
4648,-10,-6.79
4649,-9,-6.83
4650,-7,-6.81
4651,-9,-6.84
4652,-6,-6.83
4653,0,-6.73
4654,-5,-6.7
4655,0,-6.62
4656,-4,-6.59
4657,-9,-6.62
4658,-8,-6.63
4659,0,-6.54
4660,-7,-6.53
4661,-10,-6.58
4662,-6,-6.58
4663,-6,-6.58
4664,0,-6.47
4665,-6,-6.42
4666,-2,-6.38
4667,-11,-6.39
4668,-7,-6.46
4669,0,-6.4
4670,-9,-6.39
4671,-9,-6.44
4672,-4,-6.4
4673,-5,-6.39
4674,-9,-6.35
4675,-8,-6.34
4676,-8,-6.35
4677,-11,-6.4
4678,-9,-6.42
4679,-11,-6.46
4680,-6,-6.41
4681,-7,-6.46
4682,0,-6.4
4683,-10,-6.42
4684,-10,-6.44
4685,-11,-6.47
4686,-5,-6.46
4687,-9,-6.48
4688,-10,-6.53
4689,-7,-6.52
4690,-11,-6.54
4691,-6,-6.51
4692,-8,-6.54
4693,0,-6.47
4694,-8,-6.49
4695,-7,-6.47
4696,-13,-6.52
4697,-6,-6.5
4698,-8,-6.54
4699,-4,-6.5
4700,-9,-6.53
4701,-6,-6.48
4702,-5,-6.46
4703,-6,-6.47
4704,-7,-6.54
4705,-9,-6.6
4706,0,-6.52
4707,-7,-6.51
4708,-7,-6.5
4709,-8,-6.52
4710,-8,-6.57
4711,-9,-6.57
4712,-10,-6.6
4713,-7,-6.67
4714,-6,-6.63
4715,-8,-6.59
4716,-8,-6.6
4717,-6,-6.6
4718,-9,-6.6
4719,-7,-6.67
4720,0,-6.6
4721,-8,-6.63
4722,0,-6.52
4723,0,-6.42
4724,0,-6.37
4725,-9,-6.39
4726,-6,-6.38
4727,-7,-6.45
4728,0,-6.45
4729,-9,-6.4
4730,-11,-6.43
4731,-6,-6.41
4732,0,-6.34
4733,-8,-6.34
4734,-10,-6.44
4735,-10,-6.52
4736,-6,-6.48
4737,-10,-6.51
4738,-6,-6.47
4739,-4,-6.46
4740,-10,-6.51
4741,-13,-6.58
4742,-14,-6.68
4743,-6,-6.63
4744,0,-6.63
4745,-9,-6.66
4746,-11,-6.69
4747,-7,-6.73
4748,0,-6.63
4749,-7,-6.61
4750,-10,-6.64
4751,-5,-6.6
4752,-8,-6.62
4753,-7,-6.69
4754,-9,-6.73
4755,-6,-6.79
4756,-9,-6.84
4757,-11,-6.86
4758,-7,-6.85
4759,-4,-6.89
4760,-6,-6.88
4761,-5,-6.83
4762,0,-6.77
4763,-10,-6.81
4764,-9,-6.9
4765,-4,-6.88
4766,-14,-7.0
4767,-7,-6.96
4768,-4,-6.93
4769,-4,-6.97
4770,-7,-6.95
4771,0,-6.86
4772,-6,-6.88
4773,-1,-6.84
4774,-10,-6.85
4775,0,-6.77
4776,-8,-6.77
4777,-8,-6.74
4778,-3,-6.68
4779,-7,-6.64
4780,-3,-6.61
4781,-10,-6.64
4782,-14,-6.78
4783,-9,-6.77
4784,-5,-6.72
4785,-3,-6.64
4786,-7,-6.66
4787,-8,-6.65
4788,-1,-6.56
4789,-6,-6.55
4790,-4,-6.48
4791,-7,-6.49
4792,-3,-6.44
4793,-12,-6.56
4794,-8,-6.56
4795,-9,-6.58
4796,-1,-6.46
4797,-7,-6.47
4798,-10,-6.49
4799,-10,-6.55
4800,-12,-6.58
4801,-5,-6.57
4802,-5,-6.57
4803,-7,-6.58
4804,-9,-6.6
4805,-10,-6.61
4806,-9,-6.7
4807,-9,-6.72
4808,-3,-6.68
4809,-7,-6.67
4810,-9,-6.68
4811,-8,-6.67
4812,-4,-6.61
4813,-1,-6.55
4814,-10,-6.59
4815,-12,-6.63
4816,-5,-6.6
4817,-8,-6.62
4818,-3,-6.56
4819,-3,-6.52
4820,-6,-6.58
4821,-8,-6.58
4822,-9,-6.67
4823,-8,-6.75
4824,0,-6.75
4825,-9,-6.75
4826,-10,-6.79
4827,-8,-6.8
4828,-7,-6.87
4829,-6,-6.84
4830,-12,-6.85
4831,-9,-6.88
4832,-7,-6.95
4833,-3,-6.9
4834,-7,-6.87
4835,-8,-6.85
4836,-6,-6.85
4837,-8,-6.83
4838,-10,-6.87
4839,-9,-6.92
4840,-8,-6.9
4841,-10,-6.87
4842,-4,-6.77
4843,-6,-6.77
4844,-6,-6.83
4845,-3,-6.77
4846,-7,-6.73
4847,-6,-6.72
4848,-10,-6.82
4849,-4,-6.79
4850,-5,-6.74
4851,-9,-6.78
4852,0,-6.7
4853,-9,-6.72
4854,-9,-6.72
4855,-9,-6.75
4856,-6,-6.72
4857,-6,-6.67
4858,-11,-6.71
4859,-7,-6.74
4860,-6,-6.74
4861,-5,-6.74
4862,-2,-6.76
4863,-4,-6.7
4864,-3,-6.64
4865,-9,-6.69
4866,-7,-6.62
4867,-6,-6.61
4868,-3,-6.6
4869,-11,-6.67
4870,-6,-6.66
4871,-8,-6.74
4872,-10,-6.78
4873,-9,-6.86
4874,-3,-6.79
4875,-4,-6.83
4876,-8,-6.83
4877,-6,-6.81
4878,-10,-6.88
4879,-13,-6.94
4880,-7,-6.98
4881,-1,-6.89
4882,-9,-6.84
4883,-6,-6.81
4884,-7,-6.83
4885,-8,-6.88
4886,-7,-6.88
4887,-9,-6.89
4888,-4,-6.92
4889,-5,-6.91
4890,-4,-6.91
4891,-6,-6.9
4892,-11,-6.98
4893,-8,-6.94
4894,-5,-6.91
4895,-3,-6.85
4896,-7,-6.91
4897,-7,-6.91
4898,-7,-6.88
4899,-10,-6.88
4900,-10,-6.86
4901,-6,-6.87
4902,-9,-6.91
4903,-7,-6.91
4904,-8,-6.9
4905,-1,-6.81
4906,-5,-6.77
4907,-8,-6.76
4908,-11,-6.84
4909,-7,-6.84
4910,0,-6.75
4911,-7,-6.74
4912,-7,-6.77
4913,-7,-6.83
4914,-12,-6.85
4915,-8,-6.81
4916,-9,-6.85
4917,-5,-6.82
4918,-6,-6.85
4919,-7,-6.89
4920,-8,-6.91
4921,-9,-6.92
4922,-8,-6.91
4923,-6,-6.89
4924,-7,-6.96
4925,-12,-6.99
4926,-12,-7.01
4927,-9,-7.02
4928,-10,-7.05
4929,-5,-7.04
4930,-6,-6.98
4931,-9,-6.98
4932,-5,-6.96
4933,-2,-6.95
4934,-8,-6.96
4935,0,-6.88
4936,-10,-6.92
4937,-2,-6.86
4938,0,-6.76
4939,-5,-6.72
4940,-5,-6.69
4941,-6,-6.65
4942,-8,-6.69
4943,-12,-6.75
4944,-10,-6.79
4945,-9,-6.85
4946,0,-6.78
4947,0,-6.72
4948,-12,-6.74
4949,-10,-6.8
4950,-8,-6.83
4951,-8,-6.82
4952,0,-6.82
4953,-7,-6.8
4954,-3,-6.74
4955,-4,-6.69
4956,-11,-6.74
4957,-5,-6.73
4958,-6,-6.68
4959,-4,-6.65
4960,-4,-6.63
4961,-4,-6.62
4962,-8,-6.68
4963,-5,-6.69
4964,-7,-6.73
4965,-11,-6.75
4966,-10,-6.78
4967,-7,-6.79
4968,-12,-6.88
4969,0,-6.77
4970,-7,-6.78
4971,-6,-6.76
4972,-9,-6.75
4973,0,-6.66
4974,-4,-6.67
4975,-3,-6.66
4976,-10,-6.68
4977,-1,-6.63
4978,-11,-6.64
4979,-4,-6.55
4980,-8,-6.56
4981,-13,-6.68
4982,-5,-6.64
4983,-11,-6.69
4984,-7,-6.69
4985,-6,-6.67
4986,-8,-6.68
4987,0,-6.59
4988,-10,-6.65
4989,-7,-6.67
4990,-7,-6.7
4991,-4,-6.68
4992,-3,-6.6
4993,-3,-6.55
4994,-9,-6.59
4995,-9,-6.65
4996,0,-6.58
4997,-8,-6.59
4998,-5,-6.57
4999,-4,-6.51
